
Warning: This is a simple server for use in testing or debugging Angular applications
locally. It hasn't been reviewed for security issues.

Binding this server to an open connection can result in compromising your application or
computer. Using a different host than the one passed to the "--host" flag might result in
websocket connection issues.
    
❯ Building...
✔ Building...
Browser bundles     
Initial chunk files  | Names                  |  Raw size
main.js              | main                   |  49.45 kB | 
styles.css           | styles                 |   8.28 kB | 
chunk-G75TAXR7.js    | -                      |   3.93 kB | 
polyfills.js         | polyfills              |  95 bytes | 

                     | Initial total          |  61.75 kB

Lazy chunk files     | Names                  |  Raw size
chunk-FPG7EJIM.js    | admin-pages-module     |  57.24 kB | 
chunk-CNR2OU7K.js    | non-admin-pages-module |  44.00 kB | 


Server bundles      
Initial chunk files  | Names                  |  Raw size
main.server.mjs      | main.server            |  50.66 kB | 
chunk-ZILBPQ5L.mjs   | -                      |   3.96 kB | 
server.mjs           | server                 |   1.79 kB | 
polyfills.server.mjs | polyfills.server       | 266 bytes | 

Lazy chunk files     | Names                  |  Raw size
chunk-A2SYANQZ.mjs   | admin-pages-module     |  57.27 kB | 
chunk-VSNI66YS.mjs   | non-admin-pages-module |  44.04 kB | 

Application bundle generation complete. [4.346 seconds]

[33m▲ [43;33m[[43;30mWARNING[43;33m][0m [1mDeprecation[0m [1m[35m[plugin angular-sass][0m

    src/styles.scss:2:8:
[37m      2 │ @import [32m[37m'./variables.scss';
        ╵         [32m^[0m


  Sass @import rules are deprecated and will be removed in Dart Sass 3.0.0.
  
  More info and automated migrator: [4mhttps://sass-lang.com/d/import[0m

  The plugin "angular-sass" was triggered by this import

    angular:styles/global:styles:2:8:
[37m      2 │ @import [32m'src/styles.scss'[37m;
        ╵         [32m~~~~~~~~~~~~~~~~~[0m


Watch mode enabled. Watching for file changes...
NOTE: Raw file sizes do not reflect development server per-request transformations.
  ➜  Local:   http://localhost:4200/
  ➜  Network: http://172.31.8.63:4200/
❯ Changes detected. Rebuilding...
✔ Changes detected. Rebuilding...
Browser bundles    
Initial chunk files | Names                  | Raw size
main.js             | main                   | 50.13 kB | 
chunk-6BTHOFVS.js   | -                      |  4.08 kB | 

Lazy chunk files    | Names                  | Raw size
chunk-R4IHXGLK.js   | admin-pages-module     | 64.28 kB | 
chunk-RTE7UMFJ.js   | non-admin-pages-module | 44.33 kB | 


Server bundles     
Initial chunk files | Names                  | Raw size
main.server.mjs     | main.server            | 51.34 kB | 
chunk-RZLJ6I6E.mjs  | -                      |  4.11 kB | 

Lazy chunk files    | Names                  | Raw size
chunk-22MB5PDT.mjs  | admin-pages-module     | 64.31 kB | 
chunk-FPY4BCDS.mjs  | non-admin-pages-module | 44.37 kB | 

Application bundle generation complete. [1.584 seconds]

[33m▲ [43;33m[[43;30mWARNING[43;33m][0m [1mDeprecation[0m [1m[35m[plugin angular-sass][0m

    src/styles.scss:2:8:
[37m      2 │ @import [32m[37m'./variables.scss';
        ╵         [32m^[0m


  Sass @import rules are deprecated and will be removed in Dart Sass 3.0.0.
  
  More info and automated migrator: [4mhttps://sass-lang.com/d/import[0m

  The plugin "angular-sass" was triggered by this import

    angular:styles/global:styles:2:8:
[37m      2 │ @import [32m'src/styles.scss'[37m;
        ╵         [32m~~~~~~~~~~~~~~~~~[0m


10:15:17 PM [vite] (ssr) ✨ new dependencies optimized: @angular/material/dialog
10:15:17 PM [vite] (ssr) ✨ optimized dependencies changed. reloading
Page reload sent to client(s).
10:15:25 PM [vite] (client) ✨ new dependencies optimized: @angular/material/dialog
10:15:25 PM [vite] (client) ✨ optimized dependencies changed. reloading
❯ Changes detected. Rebuilding...
✔ Changes detected. Rebuilding...
Browser bundles    
Initial chunk files | Names              | Raw size
main.js             | main               | 50.13 kB | 

Lazy chunk files    | Names              | Raw size
chunk-65UWAENH.js   | admin-pages-module | 71.29 kB | 


Server bundles     
Initial chunk files | Names              | Raw size
main.server.mjs     | main.server        | 51.34 kB | 

Lazy chunk files    | Names              | Raw size
chunk-R2L63GRB.mjs  | admin-pages-module | 71.33 kB | 

Application bundle generation complete. [0.564 seconds]

[33m▲ [43;33m[[43;30mWARNING[43;33m][0m [1mDeprecation[0m [1m[35m[plugin angular-sass][0m

    src/styles.scss:2:8:
[37m      2 │ @import [32m[37m'./variables.scss';
        ╵         [32m^[0m


  Sass @import rules are deprecated and will be removed in Dart Sass 3.0.0.
  
  More info and automated migrator: [4mhttps://sass-lang.com/d/import[0m

  The plugin "angular-sass" was triggered by this import

    angular:styles/global:styles:2:8:
[37m      2 │ @import [32m'src/styles.scss'[37m;
        ╵         [32m~~~~~~~~~~~~~~~~~[0m


Page reload sent to client(s).
❯ Changes detected. Rebuilding...
✔ Changes detected. Rebuilding...
Browser bundles    
Initial chunk files | Names              | Raw size
main.js             | main               | 50.13 kB | 

Lazy chunk files    | Names              | Raw size
chunk-ICBFMLPO.js   | admin-pages-module | 71.31 kB | 


Server bundles     
Initial chunk files | Names              | Raw size
main.server.mjs     | main.server        | 51.34 kB | 

Lazy chunk files    | Names              | Raw size
chunk-27IGCGUX.mjs  | admin-pages-module | 71.35 kB | 

Application bundle generation complete. [0.732 seconds]

[33m▲ [43;33m[[43;30mWARNING[43;33m][0m [1mDeprecation[0m [1m[35m[plugin angular-sass][0m

    src/styles.scss:2:8:
[37m      2 │ @import [32m[37m'./variables.scss';
        ╵         [32m^[0m


  Sass @import rules are deprecated and will be removed in Dart Sass 3.0.0.
  
  More info and automated migrator: [4mhttps://sass-lang.com/d/import[0m

  The plugin "angular-sass" was triggered by this import

    angular:styles/global:styles:2:8:
[37m      2 │ @import [32m'src/styles.scss'[37m;
        ╵         [32m~~~~~~~~~~~~~~~~~[0m


Component update sent to client(s).
❯ Changes detected. Rebuilding...
✔ Changes detected. Rebuilding...
Browser bundles    
Initial chunk files | Names              | Raw size
main.js             | main               | 50.13 kB | 

Lazy chunk files    | Names              | Raw size
chunk-KRTWQTIL.js   | admin-pages-module | 71.20 kB | 


Server bundles     
Initial chunk files | Names              | Raw size
main.server.mjs     | main.server        | 51.34 kB | 

Lazy chunk files    | Names              | Raw size
chunk-T646HQQI.mjs  | admin-pages-module | 71.24 kB | 

Application bundle generation complete. [0.598 seconds]

[33m▲ [43;33m[[43;30mWARNING[43;33m][0m [1mDeprecation[0m [1m[35m[plugin angular-sass][0m

    src/styles.scss:2:8:
[37m      2 │ @import [32m[37m'./variables.scss';
        ╵         [32m^[0m


  Sass @import rules are deprecated and will be removed in Dart Sass 3.0.0.
  
  More info and automated migrator: [4mhttps://sass-lang.com/d/import[0m

  The plugin "angular-sass" was triggered by this import

    angular:styles/global:styles:2:8:
[37m      2 │ @import [32m'src/styles.scss'[37m;
        ╵         [32m~~~~~~~~~~~~~~~~~[0m


Component update sent to client(s).

Warning: This is a simple server for use in testing or debugging Angular applications
locally. It hasn't been reviewed for security issues.

Binding this server to an open connection can result in compromising your application or
computer. Using a different host than the one passed to the "--host" flag might result in
websocket connection issues.
    
❯ Building...
✔ Building...
Browser bundles     
Initial chunk files  | Names                  |  Raw size
main.js              | main                   |  50.13 kB | 
styles.css           | styles                 |   8.28 kB | 
chunk-6BTHOFVS.js    | -                      |   4.08 kB | 
polyfills.js         | polyfills              |  95 bytes | 

                     | Initial total          |  62.58 kB

Lazy chunk files     | Names                  |  Raw size
chunk-6WAVPJNK.js    | non-admin-pages-module |  71.88 kB | 
chunk-FTLK6ARF.js    | admin-pages-module     |  71.46 kB | 


Server bundles      
Initial chunk files  | Names                  |  Raw size
main.server.mjs      | main.server            |  51.34 kB | 
chunk-RZLJ6I6E.mjs   | -                      |   4.11 kB | 
server.mjs           | server                 |   1.79 kB | 
polyfills.server.mjs | polyfills.server       | 266 bytes | 

Lazy chunk files     | Names                  |  Raw size
chunk-FEI63TC2.mjs   | non-admin-pages-module |  71.92 kB | 
chunk-K47GMQPH.mjs   | admin-pages-module     |  71.50 kB | 

Application bundle generation complete. [4.708 seconds]

[33m▲ [43;33m[[43;30mWARNING[43;33m][0m [1mDeprecation[0m [1m[35m[plugin angular-sass][0m

    src/styles.scss:2:8:
[37m      2 │ @import [32m[37m'./variables.scss';
        ╵         [32m^[0m


  Sass @import rules are deprecated and will be removed in Dart Sass 3.0.0.
  
  More info and automated migrator: [4mhttps://sass-lang.com/d/import[0m

  The plugin "angular-sass" was triggered by this import

    angular:styles/global:styles:2:8:
[37m      2 │ @import [32m'src/styles.scss'[37m;
        ╵         [32m~~~~~~~~~~~~~~~~~[0m


Watch mode enabled. Watching for file changes...
NOTE: Raw file sizes do not reflect development server per-request transformations.
  ➜  Local:   http://localhost:4200/
  ➜  Network: http://172.31.8.63:4200/
❯ Changes detected. Rebuilding...
✔ Changes detected. Rebuilding...
Browser bundles    
Initial chunk files | Names                  | Raw size
main.js             | main                   | 50.13 kB | 

Lazy chunk files    | Names                  | Raw size
chunk-3XCI2A3X.js   | non-admin-pages-module | 72.78 kB | 


Server bundles     
Initial chunk files | Names                  | Raw size
main.server.mjs     | main.server            | 51.34 kB | 

Lazy chunk files    | Names                  | Raw size
chunk-2JNZDQM5.mjs  | non-admin-pages-module | 72.81 kB | 

Application bundle generation complete. [1.572 seconds]

[33m▲ [43;33m[[43;30mWARNING[43;33m][0m [1mDeprecation[0m [1m[35m[plugin angular-sass][0m

    src/styles.scss:2:8:
[37m      2 │ @import [32m[37m'./variables.scss';
        ╵         [32m^[0m


  Sass @import rules are deprecated and will be removed in Dart Sass 3.0.0.
  
  More info and automated migrator: [4mhttps://sass-lang.com/d/import[0m

  The plugin "angular-sass" was triggered by this import

    angular:styles/global:styles:2:8:
[37m      2 │ @import [32m'src/styles.scss'[37m;
        ╵         [32m~~~~~~~~~~~~~~~~~[0m


Component update sent to client(s).

Warning: This is a simple server for use in testing or debugging Angular applications
locally. It hasn't been reviewed for security issues.

Binding this server to an open connection can result in compromising your application or
computer. Using a different host than the one passed to the "--host" flag might result in
websocket connection issues.
    
 [1mPort 4200 is already in use.
Would you like to use a different port?[22m [2m(Y/n)[22m[47Gnode:events:485
      throw er; // Unhandled 'error' event
      ^

Error: EBADF: bad file descriptor, read
Emitted 'error' event on Interface instance at:
    at ReadStream.onerror (node:internal/readline/interface:272:10)
    at ReadStream.emit (node:events:507:28)
    at emitErrorNT (node:internal/streams/destroy:170:8)
    at errorOrDestroy (node:internal/streams/destroy:239:7)
    at node:internal/fs/streams:272:9
    at FSReqCallback.wrapper [as oncomplete] (node:fs:663:5) {
  errno: -9,
  code: 'EBADF',
  syscall: 'read'
}

Node.js v24.1.0
❯ Changes detected. Rebuilding...

Warning: This is a simple server for use in testing or debugging Angular applications
locally. It hasn't been reviewed for security issues.

Binding this server to an open connection can result in compromising your application or
computer. Using a different host than the one passed to the "--host" flag might result in
websocket connection issues.
    
 [1mPort 4200 is already in use.
Would you like to use a different port?[22m [2m(Y/n)[22m[47Gnode:events:485
      throw er; // Unhandled 'error' event
      ^

Error: EBADF: bad file descriptor, read
Emitted 'error' event on Interface instance at:
    at ReadStream.onerror (node:internal/readline/interface:272:10)
    at ReadStream.emit (node:events:507:28)
    at emitErrorNT (node:internal/streams/destroy:170:8)
    at errorOrDestroy (node:internal/streams/destroy:239:7)
    at node:internal/fs/streams:272:9
    at FSReqCallback.wrapper [as oncomplete] (node:fs:663:5) {
  errno: -9,
  code: 'EBADF',
  syscall: 'read'
}

Node.js v24.1.0
✔ Changes detected. Rebuilding...
Browser bundles    
Initial chunk files | Names                  | Raw size
main.js             | main                   | 50.13 kB | 

Lazy chunk files    | Names                  | Raw size
chunk-NCLS7EEE.js   | non-admin-pages-module | 72.78 kB | 


Server bundles     
Initial chunk files | Names                  | Raw size
main.server.mjs     | main.server            | 51.34 kB | 

Lazy chunk files    | Names                  | Raw size
chunk-OQTMI4SV.mjs  | non-admin-pages-module | 72.81 kB | 

Application bundle generation complete. [0.783 seconds]

[33m▲ [43;33m[[43;30mWARNING[43;33m][0m [1mDeprecation[0m [1m[35m[plugin angular-sass][0m

    src/styles.scss:2:8:
[37m      2 │ @import [32m[37m'./variables.scss';
        ╵         [32m^[0m


  Sass @import rules are deprecated and will be removed in Dart Sass 3.0.0.
  
  More info and automated migrator: [4mhttps://sass-lang.com/d/import[0m

  The plugin "angular-sass" was triggered by this import

    angular:styles/global:styles:2:8:
[37m      2 │ @import [32m'src/styles.scss'[37m;
        ╵         [32m~~~~~~~~~~~~~~~~~[0m


Component update sent to client(s).
❯ Changes detected. Rebuilding...
✔ Changes detected. Rebuilding...
Browser bundles    
Initial chunk files | Names                  | Raw size
main.js             | main                   | 50.13 kB | 

Lazy chunk files    | Names                  | Raw size
chunk-3XCI2A3X.js   | non-admin-pages-module | 72.78 kB | 


Server bundles     
Initial chunk files | Names                  | Raw size
main.server.mjs     | main.server            | 51.34 kB | 

Lazy chunk files    | Names                  | Raw size
chunk-2JNZDQM5.mjs  | non-admin-pages-module | 72.81 kB | 

Application bundle generation complete. [0.582 seconds]

[33m▲ [43;33m[[43;30mWARNING[43;33m][0m [1mDeprecation[0m [1m[35m[plugin angular-sass][0m

    src/styles.scss:2:8:
[37m      2 │ @import [32m[37m'./variables.scss';
        ╵         [32m^[0m


  Sass @import rules are deprecated and will be removed in Dart Sass 3.0.0.
  
  More info and automated migrator: [4mhttps://sass-lang.com/d/import[0m

  The plugin "angular-sass" was triggered by this import

    angular:styles/global:styles:2:8:
[37m      2 │ @import [32m'src/styles.scss'[37m;
        ╵         [32m~~~~~~~~~~~~~~~~~[0m


Component update sent to client(s).

Warning: This is a simple server for use in testing or debugging Angular applications
locally. It hasn't been reviewed for security issues.

Binding this server to an open connection can result in compromising your application or
computer. Using a different host than the one passed to the "--host" flag might result in
websocket connection issues.
    
 [1mPort 4200 is already in use.
Would you like to use a different port?[22m [2m(Y/n)[22m[47Gnode:events:485
      throw er; // Unhandled 'error' event
      ^

Error: EBADF: bad file descriptor, read
Emitted 'error' event on Interface instance at:
    at ReadStream.onerror (node:internal/readline/interface:272:10)
    at ReadStream.emit (node:events:507:28)
    at emitErrorNT (node:internal/streams/destroy:170:8)
    at errorOrDestroy (node:internal/streams/destroy:239:7)
    at node:internal/fs/streams:272:9
    at FSReqCallback.wrapper [as oncomplete] (node:fs:663:5) {
  errno: -9,
  code: 'EBADF',
  syscall: 'read'
}

Node.js v24.1.0

Warning: This is a simple server for use in testing or debugging Angular applications
locally. It hasn't been reviewed for security issues.

Binding this server to an open connection can result in compromising your application or
computer. Using a different host than the one passed to the "--host" flag might result in
websocket connection issues.
    
 [1mPort 4200 is already in use.
Would you like to use a different port?[22m [2m(Y/n)[22m[47Gnode:events:485
      throw er; // Unhandled 'error' event
      ^

Error: EBADF: bad file descriptor, read
Emitted 'error' event on Interface instance at:
    at ReadStream.onerror (node:internal/readline/interface:272:10)
    at ReadStream.emit (node:events:507:28)
    at emitErrorNT (node:internal/streams/destroy:170:8)
    at errorOrDestroy (node:internal/streams/destroy:239:7)
    at node:internal/fs/streams:272:9
    at FSReqCallback.wrapper [as oncomplete] (node:fs:663:5) {
  errno: -9,
  code: 'EBADF',
  syscall: 'read'
}

Node.js v24.1.0

Warning: This is a simple server for use in testing or debugging Angular applications
locally. It hasn't been reviewed for security issues.

Binding this server to an open connection can result in compromising your application or
computer. Using a different host than the one passed to the "--host" flag might result in
websocket connection issues.
    
 [1mPort 4200 is already in use.
Would you like to use a different port?[22m [2m(Y/n)[22m[47Gnode:events:485
      throw er; // Unhandled 'error' event
      ^

Error: EBADF: bad file descriptor, read
Emitted 'error' event on Interface instance at:
    at ReadStream.onerror (node:internal/readline/interface:272:10)
    at ReadStream.emit (node:events:507:28)
    at emitErrorNT (node:internal/streams/destroy:170:8)
    at errorOrDestroy (node:internal/streams/destroy:239:7)
    at node:internal/fs/streams:272:9
    at FSReqCallback.wrapper [as oncomplete] (node:fs:663:5) {
  errno: -9,
  code: 'EBADF',
  syscall: 'read'
}

Node.js v24.1.0

Warning: This is a simple server for use in testing or debugging Angular applications
locally. It hasn't been reviewed for security issues.

Binding this server to an open connection can result in compromising your application or
computer. Using a different host than the one passed to the "--host" flag might result in
websocket connection issues.
    
 [1mPort 4200 is already in use.
Would you like to use a different port?[22m [2m(Y/n)[22m[47Gnode:events:485
      throw er; // Unhandled 'error' event
      ^

Error: EBADF: bad file descriptor, read
Emitted 'error' event on Interface instance at:
    at ReadStream.onerror (node:internal/readline/interface:272:10)
    at ReadStream.emit (node:events:507:28)
    at emitErrorNT (node:internal/streams/destroy:170:8)
    at errorOrDestroy (node:internal/streams/destroy:239:7)
    at node:internal/fs/streams:272:9
    at FSReqCallback.wrapper [as oncomplete] (node:fs:663:5) {
  errno: -9,
  code: 'EBADF',
  syscall: 'read'
}

Node.js v24.1.0

Warning: This is a simple server for use in testing or debugging Angular applications
locally. It hasn't been reviewed for security issues.

Binding this server to an open connection can result in compromising your application or
computer. Using a different host than the one passed to the "--host" flag might result in
websocket connection issues.
    
 [1mPort 4200 is already in use.
Would you like to use a different port?[22m [2m(Y/n)[22m[47Gnode:events:485
      throw er; // Unhandled 'error' event
      ^

Error: EBADF: bad file descriptor, read
Emitted 'error' event on Interface instance at:
    at ReadStream.onerror (node:internal/readline/interface:272:10)
    at ReadStream.emit (node:events:507:28)
    at emitErrorNT (node:internal/streams/destroy:170:8)
    at errorOrDestroy (node:internal/streams/destroy:239:7)
    at node:internal/fs/streams:272:9
    at FSReqCallback.wrapper [as oncomplete] (node:fs:663:5) {
  errno: -9,
  code: 'EBADF',
  syscall: 'read'
}

Node.js v24.1.0
❯ Changes detected. Rebuilding...
✔ Changes detected. Rebuilding...
Browser bundles     
Initial chunk files  | Names                  |  Raw size
main.js              | main                   |  50.13 kB | 
styles.css           | styles                 |   8.28 kB | 
chunk-6BTHOFVS.js    | -                      |   4.08 kB | 
polyfills.js         | polyfills              |  95 bytes | 

                     | Initial total          |  62.58 kB

Lazy chunk files     | Names                  |  Raw size
chunk-3XCI2A3X.js    | non-admin-pages-module |  72.78 kB | 
chunk-FTLK6ARF.js    | admin-pages-module     |  71.46 kB | 


Server bundles      
Initial chunk files  | Names                  |  Raw size
main.server.mjs      | main.server            |  51.34 kB | 
chunk-RZLJ6I6E.mjs   | -                      |   4.11 kB | 
server.mjs           | server                 |   1.79 kB | 
polyfills.server.mjs | polyfills.server       | 266 bytes | 

Lazy chunk files     | Names                  |  Raw size
chunk-2JNZDQM5.mjs   | non-admin-pages-module |  72.81 kB | 
chunk-K47GMQPH.mjs   | admin-pages-module     |  71.50 kB | 

Application bundle generation complete. [0.188 seconds]

[33m▲ [43;33m[[43;30mWARNING[43;33m][0m [1mDeprecation[0m [1m[35m[plugin angular-sass][0m

    src/styles.scss:2:8:
[37m      2 │ @import [32m[37m'./variables.scss';
        ╵         [32m^[0m


  Sass @import rules are deprecated and will be removed in Dart Sass 3.0.0.
  
  More info and automated migrator: [4mhttps://sass-lang.com/d/import[0m

  The plugin "angular-sass" was triggered by this import

    angular:styles/global:styles:2:8:
[37m      2 │ @import [32m'src/styles.scss'[37m;
        ╵         [32m~~~~~~~~~~~~~~~~~[0m


❯ Changes detected. Rebuilding...
✔ Changes detected. Rebuilding...
Browser bundles     
Initial chunk files  | Names                  |  Raw size
main.js              | main                   |  50.13 kB | 
styles.css           | styles                 |   8.28 kB | 
chunk-6BTHOFVS.js    | -                      |   4.08 kB | 
polyfills.js         | polyfills              |  95 bytes | 

                     | Initial total          |  62.58 kB

Lazy chunk files     | Names                  |  Raw size
chunk-3XCI2A3X.js    | non-admin-pages-module |  72.78 kB | 
chunk-FTLK6ARF.js    | admin-pages-module     |  71.46 kB | 


Server bundles      
Initial chunk files  | Names                  |  Raw size
main.server.mjs      | main.server            |  51.34 kB | 
chunk-RZLJ6I6E.mjs   | -                      |   4.11 kB | 
server.mjs           | server                 |   1.79 kB | 
polyfills.server.mjs | polyfills.server       | 266 bytes | 

Lazy chunk files     | Names                  |  Raw size
chunk-2JNZDQM5.mjs   | non-admin-pages-module |  72.81 kB | 
chunk-K47GMQPH.mjs   | admin-pages-module     |  71.50 kB | 

Application bundle generation complete. [0.165 seconds]

[33m▲ [43;33m[[43;30mWARNING[43;33m][0m [1mDeprecation[0m [1m[35m[plugin angular-sass][0m

    src/styles.scss:2:8:
[37m      2 │ @import [32m[37m'./variables.scss';
        ╵         [32m^[0m


  Sass @import rules are deprecated and will be removed in Dart Sass 3.0.0.
  
  More info and automated migrator: [4mhttps://sass-lang.com/d/import[0m

  The plugin "angular-sass" was triggered by this import

    angular:styles/global:styles:2:8:
[37m      2 │ @import [32m'src/styles.scss'[37m;
        ╵         [32m~~~~~~~~~~~~~~~~~[0m


❯ Changes detected. Rebuilding...
✔ Changes detected. Rebuilding...
Browser bundles     
Initial chunk files  | Names                  |  Raw size
main.js              | main                   |  50.13 kB | 
styles.css           | styles                 |   8.28 kB | 
chunk-6BTHOFVS.js    | -                      |   4.08 kB | 
polyfills.js         | polyfills              |  95 bytes | 

                     | Initial total          |  62.58 kB

Lazy chunk files     | Names                  |  Raw size
chunk-3XCI2A3X.js    | non-admin-pages-module |  72.78 kB | 
chunk-FTLK6ARF.js    | admin-pages-module     |  71.46 kB | 


Server bundles      
Initial chunk files  | Names                  |  Raw size
main.server.mjs      | main.server            |  51.34 kB | 
chunk-RZLJ6I6E.mjs   | -                      |   4.11 kB | 
server.mjs           | server                 |   1.79 kB | 
polyfills.server.mjs | polyfills.server       | 266 bytes | 

Lazy chunk files     | Names                  |  Raw size
chunk-2JNZDQM5.mjs   | non-admin-pages-module |  72.81 kB | 
chunk-K47GMQPH.mjs   | admin-pages-module     |  71.50 kB | 

Application bundle generation complete. [0.273 seconds]

[33m▲ [43;33m[[43;30mWARNING[43;33m][0m [1mDeprecation[0m [1m[35m[plugin angular-sass][0m

    src/styles.scss:2:8:
[37m      2 │ @import [32m[37m'./variables.scss';
        ╵         [32m^[0m


  Sass @import rules are deprecated and will be removed in Dart Sass 3.0.0.
  
  More info and automated migrator: [4mhttps://sass-lang.com/d/import[0m

  The plugin "angular-sass" was triggered by this import

    angular:styles/global:styles:2:8:
[37m      2 │ @import [32m'src/styles.scss'[37m;
        ╵         [32m~~~~~~~~~~~~~~~~~[0m


❯ Changes detected. Rebuilding...
✔ Changes detected. Rebuilding...
Browser bundles    
Initial chunk files | Names                  | Raw size
main.js             | main                   | 50.13 kB | 

Lazy chunk files    | Names                  | Raw size
chunk-WYGDH6EW.js   | non-admin-pages-module | 72.78 kB | 


Server bundles     
Initial chunk files | Names                  | Raw size
main.server.mjs     | main.server            | 51.34 kB | 

Lazy chunk files    | Names                  | Raw size
chunk-MZO3D5UO.mjs  | non-admin-pages-module | 72.81 kB | 

Application bundle generation complete. [0.558 seconds]

[33m▲ [43;33m[[43;30mWARNING[43;33m][0m [1mDeprecation[0m [1m[35m[plugin angular-sass][0m

    src/styles.scss:2:8:
[37m      2 │ @import [32m[37m'./variables.scss';
        ╵         [32m^[0m


  Sass @import rules are deprecated and will be removed in Dart Sass 3.0.0.
  
  More info and automated migrator: [4mhttps://sass-lang.com/d/import[0m

  The plugin "angular-sass" was triggered by this import

    angular:styles/global:styles:2:8:
[37m      2 │ @import [32m'src/styles.scss'[37m;
        ╵         [32m~~~~~~~~~~~~~~~~~[0m


Component update sent to client(s).
❯ Changes detected. Rebuilding...
✔ Changes detected. Rebuilding...
Browser bundles    
Initial chunk files | Names                  | Raw size
main.js             | main                   | 50.13 kB | 

Lazy chunk files    | Names                  | Raw size
chunk-KQFQF2P4.js   | non-admin-pages-module | 72.77 kB | 


Server bundles     
Initial chunk files | Names                  | Raw size
main.server.mjs     | main.server            | 51.34 kB | 

Lazy chunk files    | Names                  | Raw size
chunk-HHM2A6HL.mjs  | non-admin-pages-module | 72.81 kB | 

Application bundle generation complete. [0.366 seconds]

[33m▲ [43;33m[[43;30mWARNING[43;33m][0m [1mDeprecation[0m [1m[35m[plugin angular-sass][0m

    src/styles.scss:2:8:
[37m      2 │ @import [32m[37m'./variables.scss';
        ╵         [32m^[0m


  Sass @import rules are deprecated and will be removed in Dart Sass 3.0.0.
  
  More info and automated migrator: [4mhttps://sass-lang.com/d/import[0m

  The plugin "angular-sass" was triggered by this import

    angular:styles/global:styles:2:8:
[37m      2 │ @import [32m'src/styles.scss'[37m;
        ╵         [32m~~~~~~~~~~~~~~~~~[0m


Component update sent to client(s).
❯ Changes detected. Rebuilding...
✔ Changes detected. Rebuilding...
Browser bundles    
Initial chunk files | Names                  | Raw size
main.js             | main                   | 50.13 kB | 

Lazy chunk files    | Names                  | Raw size
chunk-Z3FT6OGH.js   | non-admin-pages-module | 72.77 kB | 


Server bundles     
Initial chunk files | Names                  | Raw size
main.server.mjs     | main.server            | 51.34 kB | 

Lazy chunk files    | Names                  | Raw size
chunk-ROYX77EC.mjs  | non-admin-pages-module | 72.81 kB | 

Application bundle generation complete. [0.588 seconds]

[33m▲ [43;33m[[43;30mWARNING[43;33m][0m [1mDeprecation[0m [1m[35m[plugin angular-sass][0m

    src/styles.scss:2:8:
[37m      2 │ @import [32m[37m'./variables.scss';
        ╵         [32m^[0m


  Sass @import rules are deprecated and will be removed in Dart Sass 3.0.0.
  
  More info and automated migrator: [4mhttps://sass-lang.com/d/import[0m

  The plugin "angular-sass" was triggered by this import

    angular:styles/global:styles:2:8:
[37m      2 │ @import [32m'src/styles.scss'[37m;
        ╵         [32m~~~~~~~~~~~~~~~~~[0m


Component update sent to client(s).
❯ Changes detected. Rebuilding...
✔ Changes detected. Rebuilding...
Browser bundles    
Initial chunk files | Names                  | Raw size
main.js             | main                   | 50.13 kB | 

Lazy chunk files    | Names                  | Raw size
chunk-UDAZWGGO.js   | non-admin-pages-module | 72.77 kB | 


Server bundles     
Initial chunk files | Names                  | Raw size
main.server.mjs     | main.server            | 51.34 kB | 

Lazy chunk files    | Names                  | Raw size
chunk-7OMBRL4Z.mjs  | non-admin-pages-module | 72.81 kB | 

Application bundle generation complete. [0.390 seconds]

[33m▲ [43;33m[[43;30mWARNING[43;33m][0m [1mDeprecation[0m [1m[35m[plugin angular-sass][0m

    src/styles.scss:2:8:
[37m      2 │ @import [32m[37m'./variables.scss';
        ╵         [32m^[0m


  Sass @import rules are deprecated and will be removed in Dart Sass 3.0.0.
  
  More info and automated migrator: [4mhttps://sass-lang.com/d/import[0m

  The plugin "angular-sass" was triggered by this import

    angular:styles/global:styles:2:8:
[37m      2 │ @import [32m'src/styles.scss'[37m;
        ╵         [32m~~~~~~~~~~~~~~~~~[0m


Component update sent to client(s).
❯ Changes detected. Rebuilding...
✔ Changes detected. Rebuilding...
Browser bundles    
Initial chunk files | Names                  | Raw size
main.js             | main                   | 50.13 kB | 

Lazy chunk files    | Names                  | Raw size
chunk-E6CLIE3I.js   | non-admin-pages-module | 72.77 kB | 


Server bundles     
Initial chunk files | Names                  | Raw size
main.server.mjs     | main.server            | 51.34 kB | 

Lazy chunk files    | Names                  | Raw size
chunk-C6C3LARL.mjs  | non-admin-pages-module | 72.81 kB | 

Application bundle generation complete. [0.343 seconds]

[33m▲ [43;33m[[43;30mWARNING[43;33m][0m [1mDeprecation[0m [1m[35m[plugin angular-sass][0m

    src/styles.scss:2:8:
[37m      2 │ @import [32m[37m'./variables.scss';
        ╵         [32m^[0m


  Sass @import rules are deprecated and will be removed in Dart Sass 3.0.0.
  
  More info and automated migrator: [4mhttps://sass-lang.com/d/import[0m

  The plugin "angular-sass" was triggered by this import

    angular:styles/global:styles:2:8:
[37m      2 │ @import [32m'src/styles.scss'[37m;
        ╵         [32m~~~~~~~~~~~~~~~~~[0m


Component update sent to client(s).
❯ Changes detected. Rebuilding...
✔ Changes detected. Rebuilding...
Browser bundles    
Initial chunk files | Names                  | Raw size
main.js             | main                   | 50.13 kB | 

Lazy chunk files    | Names                  | Raw size
chunk-BOEQ2PIC.js   | non-admin-pages-module | 72.81 kB | 


Server bundles     
Initial chunk files | Names                  | Raw size
main.server.mjs     | main.server            | 51.34 kB | 

Lazy chunk files    | Names                  | Raw size
chunk-24IEWDM7.mjs  | non-admin-pages-module | 72.85 kB | 

Application bundle generation complete. [0.545 seconds]

[33m▲ [43;33m[[43;30mWARNING[43;33m][0m [1mDeprecation[0m [1m[35m[plugin angular-sass][0m

    src/styles.scss:2:8:
[37m      2 │ @import [32m[37m'./variables.scss';
        ╵         [32m^[0m


  Sass @import rules are deprecated and will be removed in Dart Sass 3.0.0.
  
  More info and automated migrator: [4mhttps://sass-lang.com/d/import[0m

  The plugin "angular-sass" was triggered by this import

    angular:styles/global:styles:2:8:
[37m      2 │ @import [32m'src/styles.scss'[37m;
        ╵         [32m~~~~~~~~~~~~~~~~~[0m


Component update sent to client(s).
❯ Changes detected. Rebuilding...
✔ Changes detected. Rebuilding...
Browser bundles    
Initial chunk files | Names                  | Raw size
main.js             | main                   | 50.13 kB | 

Lazy chunk files    | Names                  | Raw size
chunk-44V4QWYP.js   | non-admin-pages-module | 73.25 kB | 


Server bundles     
Initial chunk files | Names                  | Raw size
main.server.mjs     | main.server            | 51.34 kB | 

Lazy chunk files    | Names                  | Raw size
chunk-55J4LHBZ.mjs  | non-admin-pages-module | 73.29 kB | 

Application bundle generation complete. [0.692 seconds]

[33m▲ [43;33m[[43;30mWARNING[43;33m][0m [1mDeprecation[0m [1m[35m[plugin angular-sass][0m

    src/styles.scss:2:8:
[37m      2 │ @import [32m[37m'./variables.scss';
        ╵         [32m^[0m


  Sass @import rules are deprecated and will be removed in Dart Sass 3.0.0.
  
  More info and automated migrator: [4mhttps://sass-lang.com/d/import[0m

  The plugin "angular-sass" was triggered by this import

    angular:styles/global:styles:2:8:
[37m      2 │ @import [32m'src/styles.scss'[37m;
        ╵         [32m~~~~~~~~~~~~~~~~~[0m


Component update sent to client(s).

Warning: This is a simple server for use in testing or debugging Angular applications
locally. It hasn't been reviewed for security issues.

Binding this server to an open connection can result in compromising your application or
computer. Using a different host than the one passed to the "--host" flag might result in
websocket connection issues.
    
 [1mPort 4200 is already in use.
Would you like to use a different port?[22m [2m(Y/n)[22m[47Gnode:events:485
      throw er; // Unhandled 'error' event
      ^

Error: EBADF: bad file descriptor, read
Emitted 'error' event on Interface instance at:
    at ReadStream.onerror (node:internal/readline/interface:272:10)
    at ReadStream.emit (node:events:507:28)
    at emitErrorNT (node:internal/streams/destroy:170:8)
    at errorOrDestroy (node:internal/streams/destroy:239:7)
    at node:internal/fs/streams:272:9
    at FSReqCallback.wrapper [as oncomplete] (node:fs:663:5) {
  errno: -9,
  code: 'EBADF',
  syscall: 'read'
}

Node.js v24.1.0
❯ Changes detected. Rebuilding...
✔ Changes detected. Rebuilding...
Browser bundles    
Initial chunk files | Names                  | Raw size
main.js             | main                   | 50.13 kB | 

Lazy chunk files    | Names                  | Raw size
chunk-GXLWFVO2.js   | non-admin-pages-module | 73.25 kB | 


Server bundles     
Initial chunk files | Names                  | Raw size
main.server.mjs     | main.server            | 51.34 kB | 

Lazy chunk files    | Names                  | Raw size
chunk-CEJ5GSHS.mjs  | non-admin-pages-module | 73.29 kB | 

Application bundle generation complete. [0.518 seconds]

[33m▲ [43;33m[[43;30mWARNING[43;33m][0m [1mDeprecation[0m [1m[35m[plugin angular-sass][0m

    src/styles.scss:2:8:
[37m      2 │ @import [32m[37m'./variables.scss';
        ╵         [32m^[0m


  Sass @import rules are deprecated and will be removed in Dart Sass 3.0.0.
  
  More info and automated migrator: [4mhttps://sass-lang.com/d/import[0m

  The plugin "angular-sass" was triggered by this import

    angular:styles/global:styles:2:8:
[37m      2 │ @import [32m'src/styles.scss'[37m;
        ╵         [32m~~~~~~~~~~~~~~~~~[0m


Component update sent to client(s).
❯ Changes detected. Rebuilding...
✔ Changes detected. Rebuilding...
Browser bundles    
Initial chunk files | Names                  | Raw size
main.js             | main                   | 50.13 kB | 

Lazy chunk files    | Names                  | Raw size
chunk-4EYGJYU6.js   | non-admin-pages-module | 73.25 kB | 


Server bundles     
Initial chunk files | Names                  | Raw size
main.server.mjs     | main.server            | 51.34 kB | 

Lazy chunk files    | Names                  | Raw size
chunk-4ESP2PWS.mjs  | non-admin-pages-module | 73.29 kB | 

Application bundle generation complete. [0.371 seconds]

[33m▲ [43;33m[[43;30mWARNING[43;33m][0m [1mDeprecation[0m [1m[35m[plugin angular-sass][0m

    src/styles.scss:2:8:
[37m      2 │ @import [32m[37m'./variables.scss';
        ╵         [32m^[0m


  Sass @import rules are deprecated and will be removed in Dart Sass 3.0.0.
  
  More info and automated migrator: [4mhttps://sass-lang.com/d/import[0m

  The plugin "angular-sass" was triggered by this import

    angular:styles/global:styles:2:8:
[37m      2 │ @import [32m'src/styles.scss'[37m;
        ╵         [32m~~~~~~~~~~~~~~~~~[0m


Component update sent to client(s).
❯ Changes detected. Rebuilding...
✔ Changes detected. Rebuilding...
Browser bundles    
Initial chunk files | Names                  | Raw size
main.js             | main                   | 50.13 kB | 

Lazy chunk files    | Names                  | Raw size
chunk-W2XUATOX.js   | non-admin-pages-module | 73.25 kB | 


Server bundles     
Initial chunk files | Names                  | Raw size
main.server.mjs     | main.server            | 51.34 kB | 

Lazy chunk files    | Names                  | Raw size
chunk-3QJXVKCU.mjs  | non-admin-pages-module | 73.29 kB | 

Application bundle generation complete. [0.516 seconds]

[33m▲ [43;33m[[43;30mWARNING[43;33m][0m [1mDeprecation[0m [1m[35m[plugin angular-sass][0m

    src/styles.scss:2:8:
[37m      2 │ @import [32m[37m'./variables.scss';
        ╵         [32m^[0m


  Sass @import rules are deprecated and will be removed in Dart Sass 3.0.0.
  
  More info and automated migrator: [4mhttps://sass-lang.com/d/import[0m

  The plugin "angular-sass" was triggered by this import

    angular:styles/global:styles:2:8:
[37m      2 │ @import [32m'src/styles.scss'[37m;
        ╵         [32m~~~~~~~~~~~~~~~~~[0m


Component update sent to client(s).
❯ Changes detected. Rebuilding...
✔ Changes detected. Rebuilding...
Browser bundles    
Initial chunk files | Names                  | Raw size
main.js             | main                   | 50.13 kB | 

Lazy chunk files    | Names                  | Raw size
chunk-AIMG5DID.js   | non-admin-pages-module | 73.25 kB | 


Server bundles     
Initial chunk files | Names                  | Raw size
main.server.mjs     | main.server            | 51.34 kB | 

Lazy chunk files    | Names                  | Raw size
chunk-U5BEHSVB.mjs  | non-admin-pages-module | 73.29 kB | 

Application bundle generation complete. [0.349 seconds]

[33m▲ [43;33m[[43;30mWARNING[43;33m][0m [1mDeprecation[0m [1m[35m[plugin angular-sass][0m

    src/styles.scss:2:8:
[37m      2 │ @import [32m[37m'./variables.scss';
        ╵         [32m^[0m


  Sass @import rules are deprecated and will be removed in Dart Sass 3.0.0.
  
  More info and automated migrator: [4mhttps://sass-lang.com/d/import[0m

  The plugin "angular-sass" was triggered by this import

    angular:styles/global:styles:2:8:
[37m      2 │ @import [32m'src/styles.scss'[37m;
        ╵         [32m~~~~~~~~~~~~~~~~~[0m


Component update sent to client(s).
❯ Changes detected. Rebuilding...
✔ Changes detected. Rebuilding...
Browser bundles    
Initial chunk files | Names                  | Raw size
main.js             | main                   | 50.13 kB | 

Lazy chunk files    | Names                  | Raw size
chunk-25Q45Z7O.js   | non-admin-pages-module | 73.25 kB | 


Server bundles     
Initial chunk files | Names                  | Raw size
main.server.mjs     | main.server            | 51.34 kB | 

Lazy chunk files    | Names                  | Raw size
chunk-4LHMFKSV.mjs  | non-admin-pages-module | 73.29 kB | 

Application bundle generation complete. [0.490 seconds]

[33m▲ [43;33m[[43;30mWARNING[43;33m][0m [1mDeprecation[0m [1m[35m[plugin angular-sass][0m

    src/styles.scss:2:8:
[37m      2 │ @import [32m[37m'./variables.scss';
        ╵         [32m^[0m


  Sass @import rules are deprecated and will be removed in Dart Sass 3.0.0.
  
  More info and automated migrator: [4mhttps://sass-lang.com/d/import[0m

  The plugin "angular-sass" was triggered by this import

    angular:styles/global:styles:2:8:
[37m      2 │ @import [32m'src/styles.scss'[37m;
        ╵         [32m~~~~~~~~~~~~~~~~~[0m


Component update sent to client(s).
❯ Changes detected. Rebuilding...
✔ Changes detected. Rebuilding...
Browser bundles    
Initial chunk files | Names                  | Raw size
main.js             | main                   | 50.13 kB | 

Lazy chunk files    | Names                  | Raw size
chunk-7VQRB5DC.js   | non-admin-pages-module | 73.41 kB | 


Server bundles     
Initial chunk files | Names                  | Raw size
main.server.mjs     | main.server            | 51.34 kB | 

Lazy chunk files    | Names                  | Raw size
chunk-W2ADD6OX.mjs  | non-admin-pages-module | 73.44 kB | 

Application bundle generation complete. [0.365 seconds]

[33m▲ [43;33m[[43;30mWARNING[43;33m][0m [1mDeprecation[0m [1m[35m[plugin angular-sass][0m

    src/styles.scss:2:8:
[37m      2 │ @import [32m[37m'./variables.scss';
        ╵         [32m^[0m


  Sass @import rules are deprecated and will be removed in Dart Sass 3.0.0.
  
  More info and automated migrator: [4mhttps://sass-lang.com/d/import[0m

  The plugin "angular-sass" was triggered by this import

    angular:styles/global:styles:2:8:
[37m      2 │ @import [32m'src/styles.scss'[37m;
        ╵         [32m~~~~~~~~~~~~~~~~~[0m


Component update sent to client(s).
❯ Changes detected. Rebuilding...
✔ Changes detected. Rebuilding...
Browser bundles    
Initial chunk files | Names                  | Raw size
main.js             | main                   | 50.13 kB | 

Lazy chunk files    | Names                  | Raw size
chunk-SWNDTXXA.js   | non-admin-pages-module | 73.41 kB | 


Server bundles     
Initial chunk files | Names                  | Raw size
main.server.mjs     | main.server            | 51.34 kB | 

Lazy chunk files    | Names                  | Raw size
chunk-GCOV2KXN.mjs  | non-admin-pages-module | 73.44 kB | 

Application bundle generation complete. [0.504 seconds]

[33m▲ [43;33m[[43;30mWARNING[43;33m][0m [1mDeprecation[0m [1m[35m[plugin angular-sass][0m

    src/styles.scss:2:8:
[37m      2 │ @import [32m[37m'./variables.scss';
        ╵         [32m^[0m


  Sass @import rules are deprecated and will be removed in Dart Sass 3.0.0.
  
  More info and automated migrator: [4mhttps://sass-lang.com/d/import[0m

  The plugin "angular-sass" was triggered by this import

    angular:styles/global:styles:2:8:
[37m      2 │ @import [32m'src/styles.scss'[37m;
        ╵         [32m~~~~~~~~~~~~~~~~~[0m


Component update sent to client(s).
❯ Changes detected. Rebuilding...
✔ Changes detected. Rebuilding...
Browser bundles    
Initial chunk files | Names                  | Raw size
main.js             | main                   | 50.13 kB | 

Lazy chunk files    | Names                  | Raw size
chunk-VHQ2WQYW.js   | non-admin-pages-module | 73.41 kB | 


Server bundles     
Initial chunk files | Names                  | Raw size
main.server.mjs     | main.server            | 51.34 kB | 

Lazy chunk files    | Names                  | Raw size
chunk-R6IJLLFV.mjs  | non-admin-pages-module | 73.44 kB | 

Application bundle generation complete. [0.347 seconds]

[33m▲ [43;33m[[43;30mWARNING[43;33m][0m [1mDeprecation[0m [1m[35m[plugin angular-sass][0m

    src/styles.scss:2:8:
[37m      2 │ @import [32m[37m'./variables.scss';
        ╵         [32m^[0m


  Sass @import rules are deprecated and will be removed in Dart Sass 3.0.0.
  
  More info and automated migrator: [4mhttps://sass-lang.com/d/import[0m

  The plugin "angular-sass" was triggered by this import

    angular:styles/global:styles:2:8:
[37m      2 │ @import [32m'src/styles.scss'[37m;
        ╵         [32m~~~~~~~~~~~~~~~~~[0m


Component update sent to client(s).
❯ Changes detected. Rebuilding...
✔ Changes detected. Rebuilding...
Browser bundles    
Initial chunk files | Names                  | Raw size
main.js             | main                   | 50.13 kB | 

Lazy chunk files    | Names                  | Raw size
chunk-M6VI2HNS.js   | non-admin-pages-module | 73.41 kB | 


Server bundles     
Initial chunk files | Names                  | Raw size
main.server.mjs     | main.server            | 51.34 kB | 

Lazy chunk files    | Names                  | Raw size
chunk-VO5566TD.mjs  | non-admin-pages-module | 73.44 kB | 

Application bundle generation complete. [0.517 seconds]

[33m▲ [43;33m[[43;30mWARNING[43;33m][0m [1mDeprecation[0m [1m[35m[plugin angular-sass][0m

    src/styles.scss:2:8:
[37m      2 │ @import [32m[37m'./variables.scss';
        ╵         [32m^[0m


  Sass @import rules are deprecated and will be removed in Dart Sass 3.0.0.
  
  More info and automated migrator: [4mhttps://sass-lang.com/d/import[0m

  The plugin "angular-sass" was triggered by this import

    angular:styles/global:styles:2:8:
[37m      2 │ @import [32m'src/styles.scss'[37m;
        ╵         [32m~~~~~~~~~~~~~~~~~[0m


Component update sent to client(s).
❯ Changes detected. Rebuilding...
✔ Changes detected. Rebuilding...
Browser bundles    
Initial chunk files | Names                  | Raw size
main.js             | main                   | 50.13 kB | 

Lazy chunk files    | Names                  | Raw size
chunk-44V4QWYP.js   | non-admin-pages-module | 73.25 kB | 


Server bundles     
Initial chunk files | Names                  | Raw size
main.server.mjs     | main.server            | 51.34 kB | 

Lazy chunk files    | Names                  | Raw size
chunk-55J4LHBZ.mjs  | non-admin-pages-module | 73.29 kB | 

Application bundle generation complete. [0.508 seconds]

[33m▲ [43;33m[[43;30mWARNING[43;33m][0m [1mDeprecation[0m [1m[35m[plugin angular-sass][0m

    src/styles.scss:2:8:
[37m      2 │ @import [32m[37m'./variables.scss';
        ╵         [32m^[0m


  Sass @import rules are deprecated and will be removed in Dart Sass 3.0.0.
  
  More info and automated migrator: [4mhttps://sass-lang.com/d/import[0m

  The plugin "angular-sass" was triggered by this import

    angular:styles/global:styles:2:8:
[37m      2 │ @import [32m'src/styles.scss'[37m;
        ╵         [32m~~~~~~~~~~~~~~~~~[0m


Component update sent to client(s).
❯ Changes detected. Rebuilding...
✔ Changes detected. Rebuilding...
Browser bundles    
Initial chunk files | Names                  | Raw size
main.js             | main                   | 50.13 kB | 

Lazy chunk files    | Names                  | Raw size
chunk-MHNMYWKM.js   | non-admin-pages-module | 73.25 kB | 


Server bundles     
Initial chunk files | Names                  | Raw size
main.server.mjs     | main.server            | 51.34 kB | 

Lazy chunk files    | Names                  | Raw size
chunk-BBHYNUL3.mjs  | non-admin-pages-module | 73.29 kB | 

Application bundle generation complete. [0.348 seconds]

[33m▲ [43;33m[[43;30mWARNING[43;33m][0m [1mDeprecation[0m [1m[35m[plugin angular-sass][0m

    src/styles.scss:2:8:
[37m      2 │ @import [32m[37m'./variables.scss';
        ╵         [32m^[0m


  Sass @import rules are deprecated and will be removed in Dart Sass 3.0.0.
  
  More info and automated migrator: [4mhttps://sass-lang.com/d/import[0m

  The plugin "angular-sass" was triggered by this import

    angular:styles/global:styles:2:8:
[37m      2 │ @import [32m'src/styles.scss'[37m;
        ╵         [32m~~~~~~~~~~~~~~~~~[0m


Component update sent to client(s).
❯ Changes detected. Rebuilding...
✔ Changes detected. Rebuilding...
Browser bundles    
Initial chunk files | Names                  | Raw size
main.js             | main                   | 50.13 kB | 

Lazy chunk files    | Names                  | Raw size
chunk-FM5WGEFL.js   | non-admin-pages-module | 73.25 kB | 


Server bundles     
Initial chunk files | Names                  | Raw size
main.server.mjs     | main.server            | 51.34 kB | 

Lazy chunk files    | Names                  | Raw size
chunk-AS72BPXL.mjs  | non-admin-pages-module | 73.29 kB | 

Application bundle generation complete. [0.462 seconds]

[33m▲ [43;33m[[43;30mWARNING[43;33m][0m [1mDeprecation[0m [1m[35m[plugin angular-sass][0m

    src/styles.scss:2:8:
[37m      2 │ @import [32m[37m'./variables.scss';
        ╵         [32m^[0m


  Sass @import rules are deprecated and will be removed in Dart Sass 3.0.0.
  
  More info and automated migrator: [4mhttps://sass-lang.com/d/import[0m

  The plugin "angular-sass" was triggered by this import

    angular:styles/global:styles:2:8:
[37m      2 │ @import [32m'src/styles.scss'[37m;
        ╵         [32m~~~~~~~~~~~~~~~~~[0m


Component update sent to client(s).
❯ Changes detected. Rebuilding...
✔ Changes detected. Rebuilding...
Browser bundles    
Initial chunk files | Names                  | Raw size
main.js             | main                   | 50.13 kB | 

Lazy chunk files    | Names                  | Raw size
chunk-2RTTT74U.js   | non-admin-pages-module | 73.25 kB | 


Server bundles     
Initial chunk files | Names                  | Raw size
main.server.mjs     | main.server            | 51.34 kB | 

Lazy chunk files    | Names                  | Raw size
chunk-PUMS5LE2.mjs  | non-admin-pages-module | 73.29 kB | 

Application bundle generation complete. [0.327 seconds]

[33m▲ [43;33m[[43;30mWARNING[43;33m][0m [1mDeprecation[0m [1m[35m[plugin angular-sass][0m

    src/styles.scss:2:8:
[37m      2 │ @import [32m[37m'./variables.scss';
        ╵         [32m^[0m


  Sass @import rules are deprecated and will be removed in Dart Sass 3.0.0.
  
  More info and automated migrator: [4mhttps://sass-lang.com/d/import[0m

  The plugin "angular-sass" was triggered by this import

    angular:styles/global:styles:2:8:
[37m      2 │ @import [32m'src/styles.scss'[37m;
        ╵         [32m~~~~~~~~~~~~~~~~~[0m


Component update sent to client(s).
❯ Changes detected. Rebuilding...
✔ Changes detected. Rebuilding...
Browser bundles    
Initial chunk files | Names                  | Raw size
main.js             | main                   | 50.13 kB | 

Lazy chunk files    | Names                  | Raw size
chunk-B3F4IGAA.js   | non-admin-pages-module | 73.25 kB | 


Server bundles     
Initial chunk files | Names                  | Raw size
main.server.mjs     | main.server            | 51.34 kB | 

Lazy chunk files    | Names                  | Raw size
chunk-FRLSK33R.mjs  | non-admin-pages-module | 73.29 kB | 

Application bundle generation complete. [0.498 seconds]

[33m▲ [43;33m[[43;30mWARNING[43;33m][0m [1mDeprecation[0m [1m[35m[plugin angular-sass][0m

    src/styles.scss:2:8:
[37m      2 │ @import [32m[37m'./variables.scss';
        ╵         [32m^[0m


  Sass @import rules are deprecated and will be removed in Dart Sass 3.0.0.
  
  More info and automated migrator: [4mhttps://sass-lang.com/d/import[0m

  The plugin "angular-sass" was triggered by this import

    angular:styles/global:styles:2:8:
[37m      2 │ @import [32m'src/styles.scss'[37m;
        ╵         [32m~~~~~~~~~~~~~~~~~[0m


Component update sent to client(s).
❯ Changes detected. Rebuilding...
✔ Changes detected. Rebuilding...
Browser bundles    
Initial chunk files | Names                  | Raw size
main.js             | main                   | 50.13 kB | 

Lazy chunk files    | Names                  | Raw size
chunk-XFDIQ5JO.js   | non-admin-pages-module | 73.25 kB | 


Server bundles     
Initial chunk files | Names                  | Raw size
main.server.mjs     | main.server            | 51.34 kB | 

Lazy chunk files    | Names                  | Raw size
chunk-Q2IWVGZY.mjs  | non-admin-pages-module | 73.29 kB | 

Application bundle generation complete. [0.377 seconds]

[33m▲ [43;33m[[43;30mWARNING[43;33m][0m [1mDeprecation[0m [1m[35m[plugin angular-sass][0m

    src/styles.scss:2:8:
[37m      2 │ @import [32m[37m'./variables.scss';
        ╵         [32m^[0m


  Sass @import rules are deprecated and will be removed in Dart Sass 3.0.0.
  
  More info and automated migrator: [4mhttps://sass-lang.com/d/import[0m

  The plugin "angular-sass" was triggered by this import

    angular:styles/global:styles:2:8:
[37m      2 │ @import [32m'src/styles.scss'[37m;
        ╵         [32m~~~~~~~~~~~~~~~~~[0m


Component update sent to client(s).
❯ Changes detected. Rebuilding...
✔ Changes detected. Rebuilding...
Browser bundles    
Initial chunk files | Names                  | Raw size
main.js             | main                   | 50.13 kB | 

Lazy chunk files    | Names                  | Raw size
chunk-7FFNXSFT.js   | non-admin-pages-module | 73.25 kB | 


Server bundles     
Initial chunk files | Names                  | Raw size
main.server.mjs     | main.server            | 51.34 kB | 

Lazy chunk files    | Names                  | Raw size
chunk-XWF3FJAP.mjs  | non-admin-pages-module | 73.29 kB | 

Application bundle generation complete. [0.347 seconds]

[33m▲ [43;33m[[43;30mWARNING[43;33m][0m [1mDeprecation[0m [1m[35m[plugin angular-sass][0m

    src/styles.scss:2:8:
[37m      2 │ @import [32m[37m'./variables.scss';
        ╵         [32m^[0m


  Sass @import rules are deprecated and will be removed in Dart Sass 3.0.0.
  
  More info and automated migrator: [4mhttps://sass-lang.com/d/import[0m

  The plugin "angular-sass" was triggered by this import

    angular:styles/global:styles:2:8:
[37m      2 │ @import [32m'src/styles.scss'[37m;
        ╵         [32m~~~~~~~~~~~~~~~~~[0m


Component update sent to client(s).
❯ Changes detected. Rebuilding...
✔ Changes detected. Rebuilding...
Browser bundles    
Initial chunk files | Names                  | Raw size
main.js             | main                   | 50.13 kB | 

Lazy chunk files    | Names                  | Raw size
chunk-23ITZLHX.js   | non-admin-pages-module | 73.25 kB | 


Server bundles     
Initial chunk files | Names                  | Raw size
main.server.mjs     | main.server            | 51.34 kB | 

Lazy chunk files    | Names                  | Raw size
chunk-YHEHOJOQ.mjs  | non-admin-pages-module | 73.29 kB | 

Application bundle generation complete. [0.467 seconds]

[33m▲ [43;33m[[43;30mWARNING[43;33m][0m [1mDeprecation[0m [1m[35m[plugin angular-sass][0m

    src/styles.scss:2:8:
[37m      2 │ @import [32m[37m'./variables.scss';
        ╵         [32m^[0m


  Sass @import rules are deprecated and will be removed in Dart Sass 3.0.0.
  
  More info and automated migrator: [4mhttps://sass-lang.com/d/import[0m

  The plugin "angular-sass" was triggered by this import

    angular:styles/global:styles:2:8:
[37m      2 │ @import [32m'src/styles.scss'[37m;
        ╵         [32m~~~~~~~~~~~~~~~~~[0m


Component update sent to client(s).
❯ Changes detected. Rebuilding...
✔ Changes detected. Rebuilding...
Browser bundles    
Initial chunk files | Names                  | Raw size
main.js             | main                   | 50.13 kB | 

Lazy chunk files    | Names                  | Raw size
chunk-AP7CTF7R.js   | non-admin-pages-module | 73.25 kB | 


Server bundles     
Initial chunk files | Names                  | Raw size
main.server.mjs     | main.server            | 51.34 kB | 

Lazy chunk files    | Names                  | Raw size
chunk-EYQITG3O.mjs  | non-admin-pages-module | 73.29 kB | 

Application bundle generation complete. [0.370 seconds]

[33m▲ [43;33m[[43;30mWARNING[43;33m][0m [1mDeprecation[0m [1m[35m[plugin angular-sass][0m

    src/styles.scss:2:8:
[37m      2 │ @import [32m[37m'./variables.scss';
        ╵         [32m^[0m


  Sass @import rules are deprecated and will be removed in Dart Sass 3.0.0.
  
  More info and automated migrator: [4mhttps://sass-lang.com/d/import[0m

  The plugin "angular-sass" was triggered by this import

    angular:styles/global:styles:2:8:
[37m      2 │ @import [32m'src/styles.scss'[37m;
        ╵         [32m~~~~~~~~~~~~~~~~~[0m


Component update sent to client(s).
❯ Changes detected. Rebuilding...
✔ Changes detected. Rebuilding...
Browser bundles    
Initial chunk files | Names                  | Raw size
main.js             | main                   | 50.13 kB | 

Lazy chunk files    | Names                  | Raw size
chunk-AVTD4MCG.js   | non-admin-pages-module | 73.25 kB | 


Server bundles     
Initial chunk files | Names                  | Raw size
main.server.mjs     | main.server            | 51.34 kB | 

Lazy chunk files    | Names                  | Raw size
chunk-BKRCRYJR.mjs  | non-admin-pages-module | 73.29 kB | 

Application bundle generation complete. [0.370 seconds]

[33m▲ [43;33m[[43;30mWARNING[43;33m][0m [1mDeprecation[0m [1m[35m[plugin angular-sass][0m

    src/styles.scss:2:8:
[37m      2 │ @import [32m[37m'./variables.scss';
        ╵         [32m^[0m


  Sass @import rules are deprecated and will be removed in Dart Sass 3.0.0.
  
  More info and automated migrator: [4mhttps://sass-lang.com/d/import[0m

  The plugin "angular-sass" was triggered by this import

    angular:styles/global:styles:2:8:
[37m      2 │ @import [32m'src/styles.scss'[37m;
        ╵         [32m~~~~~~~~~~~~~~~~~[0m


Component update sent to client(s).
❯ Changes detected. Rebuilding...
✔ Changes detected. Rebuilding...
Browser bundles    
Initial chunk files | Names                  | Raw size
main.js             | main                   | 50.13 kB | 

Lazy chunk files    | Names                  | Raw size
chunk-43HVX7KJ.js   | non-admin-pages-module | 73.26 kB | 


Server bundles     
Initial chunk files | Names                  | Raw size
main.server.mjs     | main.server            | 51.34 kB | 

Lazy chunk files    | Names                  | Raw size
chunk-C6TDZHXX.mjs  | non-admin-pages-module | 73.29 kB | 

Application bundle generation complete. [0.526 seconds]

[33m▲ [43;33m[[43;30mWARNING[43;33m][0m [1mDeprecation[0m [1m[35m[plugin angular-sass][0m

    src/styles.scss:2:8:
[37m      2 │ @import [32m[37m'./variables.scss';
        ╵         [32m^[0m


  Sass @import rules are deprecated and will be removed in Dart Sass 3.0.0.
  
  More info and automated migrator: [4mhttps://sass-lang.com/d/import[0m

  The plugin "angular-sass" was triggered by this import

    angular:styles/global:styles:2:8:
[37m      2 │ @import [32m'src/styles.scss'[37m;
        ╵         [32m~~~~~~~~~~~~~~~~~[0m


Component update sent to client(s).
❯ Changes detected. Rebuilding...
✔ Changes detected. Rebuilding...
Browser bundles    
Initial chunk files | Names                  | Raw size
main.js             | main                   | 50.13 kB | 

Lazy chunk files    | Names                  | Raw size
chunk-PKK55HMO.js   | non-admin-pages-module | 73.25 kB | 


Server bundles     
Initial chunk files | Names                  | Raw size
main.server.mjs     | main.server            | 51.34 kB | 

Lazy chunk files    | Names                  | Raw size
chunk-TGL2TEVH.mjs  | non-admin-pages-module | 73.29 kB | 

Application bundle generation complete. [0.409 seconds]

[33m▲ [43;33m[[43;30mWARNING[43;33m][0m [1mDeprecation[0m [1m[35m[plugin angular-sass][0m

    src/styles.scss:2:8:
[37m      2 │ @import [32m[37m'./variables.scss';
        ╵         [32m^[0m


  Sass @import rules are deprecated and will be removed in Dart Sass 3.0.0.
  
  More info and automated migrator: [4mhttps://sass-lang.com/d/import[0m

  The plugin "angular-sass" was triggered by this import

    angular:styles/global:styles:2:8:
[37m      2 │ @import [32m'src/styles.scss'[37m;
        ╵         [32m~~~~~~~~~~~~~~~~~[0m


Component update sent to client(s).
❯ Changes detected. Rebuilding...
✔ Changes detected. Rebuilding...
Browser bundles    
Initial chunk files | Names                  | Raw size
main.js             | main                   | 50.13 kB | 

Lazy chunk files    | Names                  | Raw size
chunk-JQM3WF3V.js   | non-admin-pages-module | 73.25 kB | 


Server bundles     
Initial chunk files | Names                  | Raw size
main.server.mjs     | main.server            | 51.34 kB | 

Lazy chunk files    | Names                  | Raw size
chunk-TMQL5PNX.mjs  | non-admin-pages-module | 73.29 kB | 

Application bundle generation complete. [0.364 seconds]

[33m▲ [43;33m[[43;30mWARNING[43;33m][0m [1mDeprecation[0m [1m[35m[plugin angular-sass][0m

    src/styles.scss:2:8:
[37m      2 │ @import [32m[37m'./variables.scss';
        ╵         [32m^[0m


  Sass @import rules are deprecated and will be removed in Dart Sass 3.0.0.
  
  More info and automated migrator: [4mhttps://sass-lang.com/d/import[0m

  The plugin "angular-sass" was triggered by this import

    angular:styles/global:styles:2:8:
[37m      2 │ @import [32m'src/styles.scss'[37m;
        ╵         [32m~~~~~~~~~~~~~~~~~[0m


Component update sent to client(s).
❯ Changes detected. Rebuilding...
✔ Changes detected. Rebuilding...
Browser bundles    
Initial chunk files | Names                  | Raw size
main.js             | main                   | 50.13 kB | 

Lazy chunk files    | Names                  | Raw size
chunk-SFMSU2EP.js   | non-admin-pages-module | 73.25 kB | 


Server bundles     
Initial chunk files | Names                  | Raw size
main.server.mjs     | main.server            | 51.34 kB | 

Lazy chunk files    | Names                  | Raw size
chunk-3MQZS6UL.mjs  | non-admin-pages-module | 73.29 kB | 

Application bundle generation complete. [0.297 seconds]

[33m▲ [43;33m[[43;30mWARNING[43;33m][0m [1mDeprecation[0m [1m[35m[plugin angular-sass][0m

    src/styles.scss:2:8:
[37m      2 │ @import [32m[37m'./variables.scss';
        ╵         [32m^[0m


  Sass @import rules are deprecated and will be removed in Dart Sass 3.0.0.
  
  More info and automated migrator: [4mhttps://sass-lang.com/d/import[0m

  The plugin "angular-sass" was triggered by this import

    angular:styles/global:styles:2:8:
[37m      2 │ @import [32m'src/styles.scss'[37m;
        ╵         [32m~~~~~~~~~~~~~~~~~[0m


Component update sent to client(s).
❯ Changes detected. Rebuilding...
✔ Changes detected. Rebuilding...
Browser bundles    
Initial chunk files | Names                  | Raw size
main.js             | main                   | 50.13 kB | 

Lazy chunk files    | Names                  | Raw size
chunk-WJSU2XLE.js   | non-admin-pages-module | 73.25 kB | 


Server bundles     
Initial chunk files | Names                  | Raw size
main.server.mjs     | main.server            | 51.34 kB | 

Lazy chunk files    | Names                  | Raw size
chunk-QSCGOT57.mjs  | non-admin-pages-module | 73.29 kB | 

Application bundle generation complete. [0.489 seconds]

[33m▲ [43;33m[[43;30mWARNING[43;33m][0m [1mDeprecation[0m [1m[35m[plugin angular-sass][0m

    src/styles.scss:2:8:
[37m      2 │ @import [32m[37m'./variables.scss';
        ╵         [32m^[0m


  Sass @import rules are deprecated and will be removed in Dart Sass 3.0.0.
  
  More info and automated migrator: [4mhttps://sass-lang.com/d/import[0m

  The plugin "angular-sass" was triggered by this import

    angular:styles/global:styles:2:8:
[37m      2 │ @import [32m'src/styles.scss'[37m;
        ╵         [32m~~~~~~~~~~~~~~~~~[0m


Component update sent to client(s).
❯ Changes detected. Rebuilding...
✔ Changes detected. Rebuilding...
Browser bundles    
Initial chunk files | Names                  | Raw size
main.js             | main                   | 50.13 kB | 

Lazy chunk files    | Names                  | Raw size
chunk-RZA33QPG.js   | non-admin-pages-module | 73.25 kB | 


Server bundles     
Initial chunk files | Names                  | Raw size
main.server.mjs     | main.server            | 51.34 kB | 

Lazy chunk files    | Names                  | Raw size
chunk-5VWTPCIQ.mjs  | non-admin-pages-module | 73.29 kB | 

Application bundle generation complete. [0.308 seconds]

[33m▲ [43;33m[[43;30mWARNING[43;33m][0m [1mDeprecation[0m [1m[35m[plugin angular-sass][0m

    src/styles.scss:2:8:
[37m      2 │ @import [32m[37m'./variables.scss';
        ╵         [32m^[0m


  Sass @import rules are deprecated and will be removed in Dart Sass 3.0.0.
  
  More info and automated migrator: [4mhttps://sass-lang.com/d/import[0m

  The plugin "angular-sass" was triggered by this import

    angular:styles/global:styles:2:8:
[37m      2 │ @import [32m'src/styles.scss'[37m;
        ╵         [32m~~~~~~~~~~~~~~~~~[0m


Component update sent to client(s).
❯ Changes detected. Rebuilding...
✔ Changes detected. Rebuilding...
Browser bundles    
Initial chunk files | Names                  | Raw size
main.js             | main                   | 50.13 kB | 

Lazy chunk files    | Names                  | Raw size
chunk-4WCLVIZW.js   | non-admin-pages-module | 73.25 kB | 


Server bundles     
Initial chunk files | Names                  | Raw size
main.server.mjs     | main.server            | 51.34 kB | 

Lazy chunk files    | Names                  | Raw size
chunk-HAZ3CNAX.mjs  | non-admin-pages-module | 73.29 kB | 

Application bundle generation complete. [0.297 seconds]

[33m▲ [43;33m[[43;30mWARNING[43;33m][0m [1mDeprecation[0m [1m[35m[plugin angular-sass][0m

    src/styles.scss:2:8:
[37m      2 │ @import [32m[37m'./variables.scss';
        ╵         [32m^[0m


  Sass @import rules are deprecated and will be removed in Dart Sass 3.0.0.
  
  More info and automated migrator: [4mhttps://sass-lang.com/d/import[0m

  The plugin "angular-sass" was triggered by this import

    angular:styles/global:styles:2:8:
[37m      2 │ @import [32m'src/styles.scss'[37m;
        ╵         [32m~~~~~~~~~~~~~~~~~[0m


Component update sent to client(s).
❯ Changes detected. Rebuilding...
✔ Changes detected. Rebuilding...
Browser bundles    
Initial chunk files | Names                  | Raw size
main.js             | main                   | 50.13 kB | 

Lazy chunk files    | Names                  | Raw size
chunk-XQV4U62Q.js   | non-admin-pages-module | 73.25 kB | 


Server bundles     
Initial chunk files | Names                  | Raw size
main.server.mjs     | main.server            | 51.34 kB | 

Lazy chunk files    | Names                  | Raw size
chunk-SDO6DBFG.mjs  | non-admin-pages-module | 73.29 kB | 

Application bundle generation complete. [0.325 seconds]

[33m▲ [43;33m[[43;30mWARNING[43;33m][0m [1mDeprecation[0m [1m[35m[plugin angular-sass][0m

    src/styles.scss:2:8:
[37m      2 │ @import [32m[37m'./variables.scss';
        ╵         [32m^[0m


  Sass @import rules are deprecated and will be removed in Dart Sass 3.0.0.
  
  More info and automated migrator: [4mhttps://sass-lang.com/d/import[0m

  The plugin "angular-sass" was triggered by this import

    angular:styles/global:styles:2:8:
[37m      2 │ @import [32m'src/styles.scss'[37m;
        ╵         [32m~~~~~~~~~~~~~~~~~[0m


Component update sent to client(s).
❯ Changes detected. Rebuilding...
✔ Changes detected. Rebuilding...
Browser bundles    
Initial chunk files | Names                  | Raw size
main.js             | main                   | 50.13 kB | 

Lazy chunk files    | Names                  | Raw size
chunk-4WCLVIZW.js   | non-admin-pages-module | 73.25 kB | 


Server bundles     
Initial chunk files | Names                  | Raw size
main.server.mjs     | main.server            | 51.34 kB | 

Lazy chunk files    | Names                  | Raw size
chunk-HAZ3CNAX.mjs  | non-admin-pages-module | 73.29 kB | 

Application bundle generation complete. [0.301 seconds]

[33m▲ [43;33m[[43;30mWARNING[43;33m][0m [1mDeprecation[0m [1m[35m[plugin angular-sass][0m

    src/styles.scss:2:8:
[37m      2 │ @import [32m[37m'./variables.scss';
        ╵         [32m^[0m


  Sass @import rules are deprecated and will be removed in Dart Sass 3.0.0.
  
  More info and automated migrator: [4mhttps://sass-lang.com/d/import[0m

  The plugin "angular-sass" was triggered by this import

    angular:styles/global:styles:2:8:
[37m      2 │ @import [32m'src/styles.scss'[37m;
        ╵         [32m~~~~~~~~~~~~~~~~~[0m


Component update sent to client(s).
❯ Changes detected. Rebuilding...
✔ Changes detected. Rebuilding...
Browser bundles    
Initial chunk files | Names                  | Raw size
main.js             | main                   | 50.13 kB | 

Lazy chunk files    | Names                  | Raw size
chunk-E32MMBRW.js   | non-admin-pages-module | 73.29 kB | 


Server bundles     
Initial chunk files | Names                  | Raw size
main.server.mjs     | main.server            | 51.34 kB | 

Lazy chunk files    | Names                  | Raw size
chunk-6JKQR5FS.mjs  | non-admin-pages-module | 73.32 kB | 

Application bundle generation complete. [0.519 seconds]

[33m▲ [43;33m[[43;30mWARNING[43;33m][0m [1mDeprecation[0m [1m[35m[plugin angular-sass][0m

    src/styles.scss:2:8:
[37m      2 │ @import [32m[37m'./variables.scss';
        ╵         [32m^[0m


  Sass @import rules are deprecated and will be removed in Dart Sass 3.0.0.
  
  More info and automated migrator: [4mhttps://sass-lang.com/d/import[0m

  The plugin "angular-sass" was triggered by this import

    angular:styles/global:styles:2:8:
[37m      2 │ @import [32m'src/styles.scss'[37m;
        ╵         [32m~~~~~~~~~~~~~~~~~[0m


Component update sent to client(s).
❯ Changes detected. Rebuilding...
✔ Changes detected. Rebuilding...
Browser bundles    
Initial chunk files | Names                  | Raw size
main.js             | main                   | 50.13 kB | 

Lazy chunk files    | Names                  | Raw size
chunk-RL5US6YU.js   | non-admin-pages-module | 73.41 kB | 


Server bundles     
Initial chunk files | Names                  | Raw size
main.server.mjs     | main.server            | 51.34 kB | 

Lazy chunk files    | Names                  | Raw size
chunk-4C3DM6I6.mjs  | non-admin-pages-module | 73.44 kB | 

Application bundle generation complete. [0.349 seconds]

[33m▲ [43;33m[[43;30mWARNING[43;33m][0m [1mDeprecation[0m [1m[35m[plugin angular-sass][0m

    src/styles.scss:2:8:
[37m      2 │ @import [32m[37m'./variables.scss';
        ╵         [32m^[0m


  Sass @import rules are deprecated and will be removed in Dart Sass 3.0.0.
  
  More info and automated migrator: [4mhttps://sass-lang.com/d/import[0m

  The plugin "angular-sass" was triggered by this import

    angular:styles/global:styles:2:8:
[37m      2 │ @import [32m'src/styles.scss'[37m;
        ╵         [32m~~~~~~~~~~~~~~~~~[0m


Component update sent to client(s).
❯ Changes detected. Rebuilding...
✔ Changes detected. Rebuilding...
Browser bundles    
Initial chunk files | Names                  | Raw size
main.js             | main                   | 50.13 kB | 

Lazy chunk files    | Names                  | Raw size
chunk-4WCLVIZW.js   | non-admin-pages-module | 73.25 kB | 


Server bundles     
Initial chunk files | Names                  | Raw size
main.server.mjs     | main.server            | 51.34 kB | 

Lazy chunk files    | Names                  | Raw size
chunk-HAZ3CNAX.mjs  | non-admin-pages-module | 73.29 kB | 

Application bundle generation complete. [0.438 seconds]

[33m▲ [43;33m[[43;30mWARNING[43;33m][0m [1mDeprecation[0m [1m[35m[plugin angular-sass][0m

    src/styles.scss:2:8:
[37m      2 │ @import [32m[37m'./variables.scss';
        ╵         [32m^[0m


  Sass @import rules are deprecated and will be removed in Dart Sass 3.0.0.
  
  More info and automated migrator: [4mhttps://sass-lang.com/d/import[0m

  The plugin "angular-sass" was triggered by this import

    angular:styles/global:styles:2:8:
[37m      2 │ @import [32m'src/styles.scss'[37m;
        ╵         [32m~~~~~~~~~~~~~~~~~[0m


Component update sent to client(s).
❯ Changes detected. Rebuilding...
✔ Changes detected. Rebuilding...
Browser bundles    
Initial chunk files | Names                  | Raw size
main.js             | main                   | 50.13 kB | 

Lazy chunk files    | Names                  | Raw size
chunk-Z567H46Q.js   | non-admin-pages-module | 73.27 kB | 


Server bundles     
Initial chunk files | Names                  | Raw size
main.server.mjs     | main.server            | 51.34 kB | 

Lazy chunk files    | Names                  | Raw size
chunk-V76QVUZM.mjs  | non-admin-pages-module | 73.31 kB | 

Application bundle generation complete. [0.644 seconds]

[33m▲ [43;33m[[43;30mWARNING[43;33m][0m [1mDeprecation[0m [1m[35m[plugin angular-sass][0m

    src/styles.scss:2:8:
[37m      2 │ @import [32m[37m'./variables.scss';
        ╵         [32m^[0m


  Sass @import rules are deprecated and will be removed in Dart Sass 3.0.0.
  
  More info and automated migrator: [4mhttps://sass-lang.com/d/import[0m

  The plugin "angular-sass" was triggered by this import

    angular:styles/global:styles:2:8:
[37m      2 │ @import [32m'src/styles.scss'[37m;
        ╵         [32m~~~~~~~~~~~~~~~~~[0m


Component update sent to client(s).
❯ Changes detected. Rebuilding...
✔ Changes detected. Rebuilding...
Browser bundles    
Initial chunk files | Names                  | Raw size
main.js             | main                   | 50.13 kB | 

Lazy chunk files    | Names                  | Raw size
chunk-BCM42NGX.js   | non-admin-pages-module | 73.27 kB | 


Server bundles     
Initial chunk files | Names                  | Raw size
main.server.mjs     | main.server            | 51.34 kB | 

Lazy chunk files    | Names                  | Raw size
chunk-LONM7ILC.mjs  | non-admin-pages-module | 73.31 kB | 

Application bundle generation complete. [0.526 seconds]

[33m▲ [43;33m[[43;30mWARNING[43;33m][0m [1mDeprecation[0m [1m[35m[plugin angular-sass][0m

    src/styles.scss:2:8:
[37m      2 │ @import [32m[37m'./variables.scss';
        ╵         [32m^[0m


  Sass @import rules are deprecated and will be removed in Dart Sass 3.0.0.
  
  More info and automated migrator: [4mhttps://sass-lang.com/d/import[0m

  The plugin "angular-sass" was triggered by this import

    angular:styles/global:styles:2:8:
[37m      2 │ @import [32m'src/styles.scss'[37m;
        ╵         [32m~~~~~~~~~~~~~~~~~[0m


Component update sent to client(s).
❯ Changes detected. Rebuilding...
✔ Changes detected. Rebuilding...
Browser bundles    
Initial chunk files | Names                  | Raw size
main.js             | main                   | 50.13 kB | 

Lazy chunk files    | Names                  | Raw size
chunk-A5BTEIVR.js   | non-admin-pages-module | 73.27 kB | 


Server bundles     
Initial chunk files | Names                  | Raw size
main.server.mjs     | main.server            | 51.34 kB | 

Lazy chunk files    | Names                  | Raw size
chunk-HDPMY4KA.mjs  | non-admin-pages-module | 73.31 kB | 

Application bundle generation complete. [0.342 seconds]

[33m▲ [43;33m[[43;30mWARNING[43;33m][0m [1mDeprecation[0m [1m[35m[plugin angular-sass][0m

    src/styles.scss:2:8:
[37m      2 │ @import [32m[37m'./variables.scss';
        ╵         [32m^[0m


  Sass @import rules are deprecated and will be removed in Dart Sass 3.0.0.
  
  More info and automated migrator: [4mhttps://sass-lang.com/d/import[0m

  The plugin "angular-sass" was triggered by this import

    angular:styles/global:styles:2:8:
[37m      2 │ @import [32m'src/styles.scss'[37m;
        ╵         [32m~~~~~~~~~~~~~~~~~[0m


Component update sent to client(s).
❯ Changes detected. Rebuilding...
✔ Changes detected. Rebuilding...
Browser bundles    
Initial chunk files | Names                  | Raw size
main.js             | main                   | 50.13 kB | 

Lazy chunk files    | Names                  | Raw size
chunk-SHELMT34.js   | non-admin-pages-module | 73.27 kB | 


Server bundles     
Initial chunk files | Names                  | Raw size
main.server.mjs     | main.server            | 51.34 kB | 

Lazy chunk files    | Names                  | Raw size
chunk-DP3KVBCE.mjs  | non-admin-pages-module | 73.31 kB | 

Application bundle generation complete. [0.339 seconds]

[33m▲ [43;33m[[43;30mWARNING[43;33m][0m [1mDeprecation[0m [1m[35m[plugin angular-sass][0m

    src/styles.scss:2:8:
[37m      2 │ @import [32m[37m'./variables.scss';
        ╵         [32m^[0m


  Sass @import rules are deprecated and will be removed in Dart Sass 3.0.0.
  
  More info and automated migrator: [4mhttps://sass-lang.com/d/import[0m

  The plugin "angular-sass" was triggered by this import

    angular:styles/global:styles:2:8:
[37m      2 │ @import [32m'src/styles.scss'[37m;
        ╵         [32m~~~~~~~~~~~~~~~~~[0m


Component update sent to client(s).
❯ Changes detected. Rebuilding...
✔ Changes detected. Rebuilding...
Browser bundles    
Initial chunk files | Names                  | Raw size
main.js             | main                   | 50.13 kB | 

Lazy chunk files    | Names                  | Raw size
chunk-CKDOBE5Q.js   | non-admin-pages-module | 73.25 kB | 


Server bundles     
Initial chunk files | Names                  | Raw size
main.server.mjs     | main.server            | 51.34 kB | 

Lazy chunk files    | Names                  | Raw size
chunk-GMBZWEQG.mjs  | non-admin-pages-module | 73.29 kB | 

Application bundle generation complete. [0.508 seconds]

[33m▲ [43;33m[[43;30mWARNING[43;33m][0m [1mDeprecation[0m [1m[35m[plugin angular-sass][0m

    src/styles.scss:2:8:
[37m      2 │ @import [32m[37m'./variables.scss';
        ╵         [32m^[0m


  Sass @import rules are deprecated and will be removed in Dart Sass 3.0.0.
  
  More info and automated migrator: [4mhttps://sass-lang.com/d/import[0m

  The plugin "angular-sass" was triggered by this import

    angular:styles/global:styles:2:8:
[37m      2 │ @import [32m'src/styles.scss'[37m;
        ╵         [32m~~~~~~~~~~~~~~~~~[0m


Component update sent to client(s).
❯ Changes detected. Rebuilding...
✔ Changes detected. Rebuilding...
Browser bundles    
Initial chunk files | Names                  | Raw size
main.js             | main                   | 50.13 kB | 

Lazy chunk files    | Names                  | Raw size
chunk-EOFCSDZO.js   | non-admin-pages-module | 73.25 kB | 


Server bundles     
Initial chunk files | Names                  | Raw size
main.server.mjs     | main.server            | 51.34 kB | 

Lazy chunk files    | Names                  | Raw size
chunk-PF62SCHS.mjs  | non-admin-pages-module | 73.29 kB | 

Application bundle generation complete. [0.339 seconds]

[33m▲ [43;33m[[43;30mWARNING[43;33m][0m [1mDeprecation[0m [1m[35m[plugin angular-sass][0m

    src/styles.scss:2:8:
[37m      2 │ @import [32m[37m'./variables.scss';
        ╵         [32m^[0m


  Sass @import rules are deprecated and will be removed in Dart Sass 3.0.0.
  
  More info and automated migrator: [4mhttps://sass-lang.com/d/import[0m

  The plugin "angular-sass" was triggered by this import

    angular:styles/global:styles:2:8:
[37m      2 │ @import [32m'src/styles.scss'[37m;
        ╵         [32m~~~~~~~~~~~~~~~~~[0m


Component update sent to client(s).
❯ Changes detected. Rebuilding...
✔ Changes detected. Rebuilding...
Browser bundles    
Initial chunk files | Names                  | Raw size
main.js             | main                   | 50.13 kB | 

Lazy chunk files    | Names                  | Raw size
chunk-347NN5AX.js   | non-admin-pages-module | 73.49 kB | 


Server bundles     
Initial chunk files | Names                  | Raw size
main.server.mjs     | main.server            | 51.34 kB | 

Lazy chunk files    | Names                  | Raw size
chunk-K4ZFTFIC.mjs  | non-admin-pages-module | 73.53 kB | 

Application bundle generation complete. [0.459 seconds]

[33m▲ [43;33m[[43;30mWARNING[43;33m][0m [1mDeprecation[0m [1m[35m[plugin angular-sass][0m

    src/styles.scss:2:8:
[37m      2 │ @import [32m[37m'./variables.scss';
        ╵         [32m^[0m


  Sass @import rules are deprecated and will be removed in Dart Sass 3.0.0.
  
  More info and automated migrator: [4mhttps://sass-lang.com/d/import[0m

  The plugin "angular-sass" was triggered by this import

    angular:styles/global:styles:2:8:
[37m      2 │ @import [32m'src/styles.scss'[37m;
        ╵         [32m~~~~~~~~~~~~~~~~~[0m


Component update sent to client(s).
❯ Changes detected. Rebuilding...
✔ Changes detected. Rebuilding...
Browser bundles    
Initial chunk files | Names                  | Raw size
main.js             | main                   | 50.13 kB | 

Lazy chunk files    | Names                  | Raw size
chunk-NW3MNTT3.js   | non-admin-pages-module | 73.49 kB | 


Server bundles     
Initial chunk files | Names                  | Raw size
main.server.mjs     | main.server            | 51.34 kB | 

Lazy chunk files    | Names                  | Raw size
chunk-XXILNN4A.mjs  | non-admin-pages-module | 73.53 kB | 

Application bundle generation complete. [0.585 seconds]

[33m▲ [43;33m[[43;30mWARNING[43;33m][0m [1mDeprecation[0m [1m[35m[plugin angular-sass][0m

    src/styles.scss:2:8:
[37m      2 │ @import [32m[37m'./variables.scss';
        ╵         [32m^[0m


  Sass @import rules are deprecated and will be removed in Dart Sass 3.0.0.
  
  More info and automated migrator: [4mhttps://sass-lang.com/d/import[0m

  The plugin "angular-sass" was triggered by this import

    angular:styles/global:styles:2:8:
[37m      2 │ @import [32m'src/styles.scss'[37m;
        ╵         [32m~~~~~~~~~~~~~~~~~[0m


Component update sent to client(s).
❯ Changes detected. Rebuilding...
✔ Changes detected. Rebuilding...
Browser bundles    
Initial chunk files | Names                  | Raw size
main.js             | main                   | 50.13 kB | 

Lazy chunk files    | Names                  | Raw size
chunk-X6A5MFOJ.js   | non-admin-pages-module | 73.49 kB | 


Server bundles     
Initial chunk files | Names                  | Raw size
main.server.mjs     | main.server            | 51.34 kB | 

Lazy chunk files    | Names                  | Raw size
chunk-DXH2NDC4.mjs  | non-admin-pages-module | 73.53 kB | 

Application bundle generation complete. [0.526 seconds]

[33m▲ [43;33m[[43;30mWARNING[43;33m][0m [1mDeprecation[0m [1m[35m[plugin angular-sass][0m

    src/styles.scss:2:8:
[37m      2 │ @import [32m[37m'./variables.scss';
        ╵         [32m^[0m


  Sass @import rules are deprecated and will be removed in Dart Sass 3.0.0.
  
  More info and automated migrator: [4mhttps://sass-lang.com/d/import[0m

  The plugin "angular-sass" was triggered by this import

    angular:styles/global:styles:2:8:
[37m      2 │ @import [32m'src/styles.scss'[37m;
        ╵         [32m~~~~~~~~~~~~~~~~~[0m


Component update sent to client(s).
❯ Changes detected. Rebuilding...
✔ Changes detected. Rebuilding...
Browser bundles    
Initial chunk files | Names                  | Raw size
main.js             | main                   | 50.13 kB | 

Lazy chunk files    | Names                  | Raw size
chunk-FZHNO7HZ.js   | non-admin-pages-module | 73.55 kB | 


Server bundles     
Initial chunk files | Names                  | Raw size
main.server.mjs     | main.server            | 51.34 kB | 

Lazy chunk files    | Names                  | Raw size
chunk-2E4YYTK2.mjs  | non-admin-pages-module | 73.59 kB | 

Application bundle generation complete. [0.359 seconds]

[33m▲ [43;33m[[43;30mWARNING[43;33m][0m [1mDeprecation[0m [1m[35m[plugin angular-sass][0m

    src/styles.scss:2:8:
[37m      2 │ @import [32m[37m'./variables.scss';
        ╵         [32m^[0m


  Sass @import rules are deprecated and will be removed in Dart Sass 3.0.0.
  
  More info and automated migrator: [4mhttps://sass-lang.com/d/import[0m

  The plugin "angular-sass" was triggered by this import

    angular:styles/global:styles:2:8:
[37m      2 │ @import [32m'src/styles.scss'[37m;
        ╵         [32m~~~~~~~~~~~~~~~~~[0m


Component update sent to client(s).
❯ Changes detected. Rebuilding...
✔ Changes detected. Rebuilding...
Browser bundles    
Initial chunk files | Names                  | Raw size
main.js             | main                   | 50.13 kB | 

Lazy chunk files    | Names                  | Raw size
chunk-SAQAVA72.js   | non-admin-pages-module | 73.55 kB | 


Server bundles     
Initial chunk files | Names                  | Raw size
main.server.mjs     | main.server            | 51.34 kB | 

Lazy chunk files    | Names                  | Raw size
chunk-NLGZG743.mjs  | non-admin-pages-module | 73.59 kB | 

Application bundle generation complete. [0.496 seconds]

[33m▲ [43;33m[[43;30mWARNING[43;33m][0m [1mDeprecation[0m [1m[35m[plugin angular-sass][0m

    src/styles.scss:2:8:
[37m      2 │ @import [32m[37m'./variables.scss';
        ╵         [32m^[0m


  Sass @import rules are deprecated and will be removed in Dart Sass 3.0.0.
  
  More info and automated migrator: [4mhttps://sass-lang.com/d/import[0m

  The plugin "angular-sass" was triggered by this import

    angular:styles/global:styles:2:8:
[37m      2 │ @import [32m'src/styles.scss'[37m;
        ╵         [32m~~~~~~~~~~~~~~~~~[0m


Component update sent to client(s).
❯ Changes detected. Rebuilding...
✔ Changes detected. Rebuilding...
Browser bundles    
Initial chunk files | Names                  | Raw size
main.js             | main                   | 50.13 kB | 

Lazy chunk files    | Names                  | Raw size
chunk-3WFZGORS.js   | non-admin-pages-module | 73.41 kB | 


Server bundles     
Initial chunk files | Names                  | Raw size
main.server.mjs     | main.server            | 51.34 kB | 

Lazy chunk files    | Names                  | Raw size
chunk-JLYUGVZO.mjs  | non-admin-pages-module | 73.44 kB | 

Application bundle generation complete. [0.334 seconds]

[33m▲ [43;33m[[43;30mWARNING[43;33m][0m [1mDeprecation[0m [1m[35m[plugin angular-sass][0m

    src/styles.scss:2:8:
[37m      2 │ @import [32m[37m'./variables.scss';
        ╵         [32m^[0m


  Sass @import rules are deprecated and will be removed in Dart Sass 3.0.0.
  
  More info and automated migrator: [4mhttps://sass-lang.com/d/import[0m

  The plugin "angular-sass" was triggered by this import

    angular:styles/global:styles:2:8:
[37m      2 │ @import [32m'src/styles.scss'[37m;
        ╵         [32m~~~~~~~~~~~~~~~~~[0m


Component update sent to client(s).
❯ Changes detected. Rebuilding...
✔ Changes detected. Rebuilding...
Browser bundles    
Initial chunk files | Names                  | Raw size
main.js             | main                   | 50.13 kB | 

Lazy chunk files    | Names                  | Raw size
chunk-E7BILPNT.js   | non-admin-pages-module | 73.48 kB | 


Server bundles     
Initial chunk files | Names                  | Raw size
main.server.mjs     | main.server            | 51.34 kB | 

Lazy chunk files    | Names                  | Raw size
chunk-BH2VQ5QV.mjs  | non-admin-pages-module | 73.52 kB | 

Application bundle generation complete. [0.546 seconds]

[33m▲ [43;33m[[43;30mWARNING[43;33m][0m [1mDeprecation[0m [1m[35m[plugin angular-sass][0m

    src/styles.scss:2:8:
[37m      2 │ @import [32m[37m'./variables.scss';
        ╵         [32m^[0m


  Sass @import rules are deprecated and will be removed in Dart Sass 3.0.0.
  
  More info and automated migrator: [4mhttps://sass-lang.com/d/import[0m

  The plugin "angular-sass" was triggered by this import

    angular:styles/global:styles:2:8:
[37m      2 │ @import [32m'src/styles.scss'[37m;
        ╵         [32m~~~~~~~~~~~~~~~~~[0m


Component update sent to client(s).
❯ Changes detected. Rebuilding...
✔ Changes detected. Rebuilding...
Browser bundles    
Initial chunk files | Names                  | Raw size
main.js             | main                   | 50.13 kB | 

Lazy chunk files    | Names                  | Raw size
chunk-EOFCSDZO.js   | non-admin-pages-module | 73.25 kB | 


Server bundles     
Initial chunk files | Names                  | Raw size
main.server.mjs     | main.server            | 51.34 kB | 

Lazy chunk files    | Names                  | Raw size
chunk-PF62SCHS.mjs  | non-admin-pages-module | 73.29 kB | 

Application bundle generation complete. [0.371 seconds]

[33m▲ [43;33m[[43;30mWARNING[43;33m][0m [1mDeprecation[0m [1m[35m[plugin angular-sass][0m

    src/styles.scss:2:8:
[37m      2 │ @import [32m[37m'./variables.scss';
        ╵         [32m^[0m


  Sass @import rules are deprecated and will be removed in Dart Sass 3.0.0.
  
  More info and automated migrator: [4mhttps://sass-lang.com/d/import[0m

  The plugin "angular-sass" was triggered by this import

    angular:styles/global:styles:2:8:
[37m      2 │ @import [32m'src/styles.scss'[37m;
        ╵         [32m~~~~~~~~~~~~~~~~~[0m


Component update sent to client(s).
❯ Changes detected. Rebuilding...
✔ Changes detected. Rebuilding...
Browser bundles    
Initial chunk files | Names              | Raw size
main.js             | main               | 50.13 kB | 

Lazy chunk files    | Names              | Raw size
chunk-7L64CTXZ.js   | admin-pages-module | 71.49 kB | 


Server bundles     
Initial chunk files | Names              | Raw size
main.server.mjs     | main.server        | 51.34 kB | 

Lazy chunk files    | Names              | Raw size
chunk-KCTKPK2S.mjs  | admin-pages-module | 71.53 kB | 

Application bundle generation complete. [0.332 seconds]

[33m▲ [43;33m[[43;30mWARNING[43;33m][0m [1mDeprecation[0m [1m[35m[plugin angular-sass][0m

    src/styles.scss:2:8:
[37m      2 │ @import [32m[37m'./variables.scss';
        ╵         [32m^[0m


  Sass @import rules are deprecated and will be removed in Dart Sass 3.0.0.
  
  More info and automated migrator: [4mhttps://sass-lang.com/d/import[0m

  The plugin "angular-sass" was triggered by this import

    angular:styles/global:styles:2:8:
[37m      2 │ @import [32m'src/styles.scss'[37m;
        ╵         [32m~~~~~~~~~~~~~~~~~[0m


Page reload sent to client(s).
❯ Changes detected. Rebuilding...
✔ Changes detected. Rebuilding...
Browser bundles    
Initial chunk files | Names              | Raw size
main.js             | main               | 50.13 kB | 

Lazy chunk files    | Names              | Raw size
chunk-RZZDWCNP.js   | admin-pages-module | 71.91 kB | 


Server bundles     
Initial chunk files | Names              | Raw size
main.server.mjs     | main.server        | 51.34 kB | 

Lazy chunk files    | Names              | Raw size
chunk-XRPXZ47K.mjs  | admin-pages-module | 71.95 kB | 

Application bundle generation complete. [0.476 seconds]

[33m▲ [43;33m[[43;30mWARNING[43;33m][0m [1mDeprecation[0m [1m[35m[plugin angular-sass][0m

    src/styles.scss:2:8:
[37m      2 │ @import [32m[37m'./variables.scss';
        ╵         [32m^[0m


  Sass @import rules are deprecated and will be removed in Dart Sass 3.0.0.
  
  More info and automated migrator: [4mhttps://sass-lang.com/d/import[0m

  The plugin "angular-sass" was triggered by this import

    angular:styles/global:styles:2:8:
[37m      2 │ @import [32m'src/styles.scss'[37m;
        ╵         [32m~~~~~~~~~~~~~~~~~[0m


Page reload sent to client(s).
❯ Changes detected. Rebuilding...
✔ Changes detected. Rebuilding...
Application bundle generation failed. [0.335 seconds]

[33m▲ [43;33m[[43;30mWARNING[43;33m][0m [1mDeprecation[0m [1m[35m[plugin angular-sass][0m

    src/styles.scss:2:8:
[37m      2 │ @import [32m[37m'./variables.scss';
        ╵         [32m^[0m


  Sass @import rules are deprecated and will be removed in Dart Sass 3.0.0.
  
  More info and automated migrator: [4mhttps://sass-lang.com/d/import[0m

  The plugin "angular-sass" was triggered by this import

    angular:styles/global:styles:2:8:
[37m      2 │ @import [32m'src/styles.scss'[37m;
        ╵         [32m~~~~~~~~~~~~~~~~~[0m


[31m✘ [41;31m[[41;97mERROR[41;31m][0m [1mNG9: Property 'pagedUsers' does not exist on type 'AscUser'.[0m [1m[35m[plugin angular-compiler][0m

    src/app/pages/adminPages/asc-user/asc-user.html:60:33:
[37m      60 │ ...le mat-table [dataSource]="[32mpagedUsers[37m" class="mat-elevation-z8"...
         ╵                               [32m~~~~~~~~~~[0m

  Error occurs in the template of component AscUser.

    src/app/pages/adminPages/asc-user/asc-user.ts:16:15:
[37m      16 │   templateUrl: [32m'./asc-user.html'[37m,
         ╵                [32m~~~~~~~~~~~~~~~~~[0m


[31m✘ [41;31m[[41;97mERROR[41;31m][0m [1mNG8001: 'mat-paginator' is not a known element:
1. If 'mat-paginator' is an Angular component, then verify that it is included in the '@Component.imports' of this component.
2. If 'mat-paginator' is a Web Component then add 'CUSTOM_ELEMENTS_SCHEMA' to the '@Component.schemas' of this component to suppress this message.[0m [1m[35m[plugin angular-compiler][0m

    src/app/pages/adminPages/asc-user/asc-user.html:104:2:
[37m      104 │   [32m<mat-paginator[37m
          ╵   [32m~~~~~~~~~~~~~~[0m

  Error occurs in the template of component AscUser.

    src/app/pages/adminPages/asc-user/asc-user.ts:16:15:
[37m      16 │   templateUrl: [32m'./asc-user.html'[37m,
         ╵                [32m~~~~~~~~~~~~~~~~~[0m


[31m✘ [41;31m[[41;97mERROR[41;31m][0m [1mNG8002: Can't bind to 'length' since it isn't a known property of 'mat-paginator'.
1. If 'mat-paginator' is an Angular component and it has 'length' input, then verify that it is included in the '@Component.imports' of this component.
2. If 'mat-paginator' is a Web Component then add 'CUSTOM_ELEMENTS_SCHEMA' to the '@Component.schemas' of this component to suppress this message.
3. To allow any property add 'NO_ERRORS_SCHEMA' to the '@Component.schemas' of this component.[0m [1m[35m[plugin angular-compiler][0m

    src/app/pages/adminPages/asc-user/asc-user.html:105:4:
[37m      105 │     [32m[length]="filteredUsers.length"[37m
          ╵     [32m~~~~~~~~~~~~~~~~~~~~~~~~~~~~~~~[0m

  Error occurs in the template of component AscUser.

    src/app/pages/adminPages/asc-user/asc-user.ts:16:15:
[37m      16 │   templateUrl: [32m'./asc-user.html'[37m,
         ╵                [32m~~~~~~~~~~~~~~~~~[0m


[31m✘ [41;31m[[41;97mERROR[41;31m][0m [1mNG8002: Can't bind to 'pageSize' since it isn't a known property of 'mat-paginator'.
1. If 'mat-paginator' is an Angular component and it has 'pageSize' input, then verify that it is included in the '@Component.imports' of this component.
2. If 'mat-paginator' is a Web Component then add 'CUSTOM_ELEMENTS_SCHEMA' to the '@Component.schemas' of this component to suppress this message.
3. To allow any property add 'NO_ERRORS_SCHEMA' to the '@Component.schemas' of this component.[0m [1m[35m[plugin angular-compiler][0m

    src/app/pages/adminPages/asc-user/asc-user.html:106:4:
[37m      106 │     [32m[pageSize]="pageSize"[37m
          ╵     [32m~~~~~~~~~~~~~~~~~~~~~[0m

  Error occurs in the template of component AscUser.

    src/app/pages/adminPages/asc-user/asc-user.ts:16:15:
[37m      16 │   templateUrl: [32m'./asc-user.html'[37m,
         ╵                [32m~~~~~~~~~~~~~~~~~[0m


[31m✘ [41;31m[[41;97mERROR[41;31m][0m [1mNG9: Property 'onPageChange' does not exist on type 'AscUser'.[0m [1m[35m[plugin angular-compiler][0m

    src/app/pages/adminPages/asc-user/asc-user.html:107:12:
[37m      107 │     (page)="[32monPageChange[37m($event.pageIndex)">
          ╵             [32m~~~~~~~~~~~~[0m

  Error occurs in the template of component AscUser.

    src/app/pages/adminPages/asc-user/asc-user.ts:16:15:
[37m      16 │   templateUrl: [32m'./asc-user.html'[37m,
         ╵                [32m~~~~~~~~~~~~~~~~~[0m


[31m✘ [41;31m[[41;97mERROR[41;31m][0m [1mNG9: Property 'pageIndex' does not exist on type 'Event'.[0m [1m[35m[plugin angular-compiler][0m

    src/app/pages/adminPages/asc-user/asc-user.html:107:32:
[37m      107 │     (page)="onPageChange($event.[32mpageIndex[37m)">
          ╵                                 [32m~~~~~~~~~[0m

  Error occurs in the template of component AscUser.

    src/app/pages/adminPages/asc-user/asc-user.ts:16:15:
[37m      16 │   templateUrl: [32m'./asc-user.html'[37m,
         ╵                [32m~~~~~~~~~~~~~~~~~[0m


❯ Changes detected. Rebuilding...
✔ Changes detected. Rebuilding...
Application bundle generation failed. [0.551 seconds]

[33m▲ [43;33m[[43;30mWARNING[43;33m][0m [1mDeprecation[0m [1m[35m[plugin angular-sass][0m

    src/styles.scss:2:8:
[37m      2 │ @import [32m[37m'./variables.scss';
        ╵         [32m^[0m


  Sass @import rules are deprecated and will be removed in Dart Sass 3.0.0.
  
  More info and automated migrator: [4mhttps://sass-lang.com/d/import[0m

  The plugin "angular-sass" was triggered by this import

    angular:styles/global:styles:2:8:
[37m      2 │ @import [32m'src/styles.scss'[37m;
        ╵         [32m~~~~~~~~~~~~~~~~~[0m


[31m✘ [41;31m[[41;97mERROR[41;31m][0m [1mNG9: Property 'pagedUsers' does not exist on type 'AscUser'.[0m [1m[35m[plugin angular-compiler][0m

    src/app/pages/adminPages/asc-user/asc-user.html:60:33:
[37m      60 │ ...le mat-table [dataSource]="[32mpagedUsers[37m" class="mat-elevation-z8"...
         ╵                               [32m~~~~~~~~~~[0m

  Error occurs in the template of component AscUser.

    src/app/pages/adminPages/asc-user/asc-user.ts:15:15:
[37m      15 │   templateUrl: [32m'./asc-user.html'[37m,
         ╵                [32m~~~~~~~~~~~~~~~~~[0m


[31m✘ [41;31m[[41;97mERROR[41;31m][0m [1mNG8001: 'mat-paginator' is not a known element:
1. If 'mat-paginator' is an Angular component, then verify that it is included in the '@Component.imports' of this component.
2. If 'mat-paginator' is a Web Component then add 'CUSTOM_ELEMENTS_SCHEMA' to the '@Component.schemas' of this component to suppress this message.[0m [1m[35m[plugin angular-compiler][0m

    src/app/pages/adminPages/asc-user/asc-user.html:104:2:
[37m      104 │   [32m<mat-paginator[37m
          ╵   [32m~~~~~~~~~~~~~~[0m

  Error occurs in the template of component AscUser.

    src/app/pages/adminPages/asc-user/asc-user.ts:15:15:
[37m      15 │   templateUrl: [32m'./asc-user.html'[37m,
         ╵                [32m~~~~~~~~~~~~~~~~~[0m


[31m✘ [41;31m[[41;97mERROR[41;31m][0m [1mNG8002: Can't bind to 'length' since it isn't a known property of 'mat-paginator'.
1. If 'mat-paginator' is an Angular component and it has 'length' input, then verify that it is included in the '@Component.imports' of this component.
2. If 'mat-paginator' is a Web Component then add 'CUSTOM_ELEMENTS_SCHEMA' to the '@Component.schemas' of this component to suppress this message.
3. To allow any property add 'NO_ERRORS_SCHEMA' to the '@Component.schemas' of this component.[0m [1m[35m[plugin angular-compiler][0m

    src/app/pages/adminPages/asc-user/asc-user.html:105:4:
[37m      105 │     [32m[length]="filteredUsers.length"[37m
          ╵     [32m~~~~~~~~~~~~~~~~~~~~~~~~~~~~~~~[0m

  Error occurs in the template of component AscUser.

    src/app/pages/adminPages/asc-user/asc-user.ts:15:15:
[37m      15 │   templateUrl: [32m'./asc-user.html'[37m,
         ╵                [32m~~~~~~~~~~~~~~~~~[0m


[31m✘ [41;31m[[41;97mERROR[41;31m][0m [1mNG8002: Can't bind to 'pageSize' since it isn't a known property of 'mat-paginator'.
1. If 'mat-paginator' is an Angular component and it has 'pageSize' input, then verify that it is included in the '@Component.imports' of this component.
2. If 'mat-paginator' is a Web Component then add 'CUSTOM_ELEMENTS_SCHEMA' to the '@Component.schemas' of this component to suppress this message.
3. To allow any property add 'NO_ERRORS_SCHEMA' to the '@Component.schemas' of this component.[0m [1m[35m[plugin angular-compiler][0m

    src/app/pages/adminPages/asc-user/asc-user.html:106:4:
[37m      106 │     [32m[pageSize]="pageSize"[37m
          ╵     [32m~~~~~~~~~~~~~~~~~~~~~[0m

  Error occurs in the template of component AscUser.

    src/app/pages/adminPages/asc-user/asc-user.ts:15:15:
[37m      15 │   templateUrl: [32m'./asc-user.html'[37m,
         ╵                [32m~~~~~~~~~~~~~~~~~[0m


[31m✘ [41;31m[[41;97mERROR[41;31m][0m [1mNG9: Property 'pageIndex' does not exist on type 'Event'.[0m [1m[35m[plugin angular-compiler][0m

    src/app/pages/adminPages/asc-user/asc-user.html:107:32:
[37m      107 │     (page)="onPageChange($event.[32mpageIndex[37m)">
          ╵                                 [32m~~~~~~~~~[0m

  Error occurs in the template of component AscUser.

    src/app/pages/adminPages/asc-user/asc-user.ts:15:15:
[37m      15 │   templateUrl: [32m'./asc-user.html'[37m,
         ╵                [32m~~~~~~~~~~~~~~~~~[0m


❯ Changes detected. Rebuilding...
✔ Changes detected. Rebuilding...
Browser bundles     
Initial chunk files  | Names                  |  Raw size
main.js              | main                   |  50.13 kB | 
styles.css           | styles                 |   8.28 kB | 
chunk-6BTHOFVS.js    | -                      |   4.08 kB | 
polyfills.js         | polyfills              |  95 bytes | 

                     | Initial total          |  62.58 kB

Lazy chunk files     | Names                  |  Raw size
chunk-EOFCSDZO.js    | non-admin-pages-module |  73.25 kB | 
chunk-KYK7GDQO.js    | admin-pages-module     |  72.40 kB | 


Server bundles      
Initial chunk files  | Names                  |  Raw size
main.server.mjs      | main.server            |  51.34 kB | 
chunk-RZLJ6I6E.mjs   | -                      |   4.11 kB | 
server.mjs           | server                 |   1.79 kB | 
polyfills.server.mjs | polyfills.server       | 266 bytes | 

Lazy chunk files     | Names                  |  Raw size
chunk-PF62SCHS.mjs   | non-admin-pages-module |  73.29 kB | 
chunk-7N2WCULT.mjs   | admin-pages-module     |  72.44 kB | 

Application bundle generation complete. [0.433 seconds]

[33m▲ [43;33m[[43;30mWARNING[43;33m][0m [1mDeprecation[0m [1m[35m[plugin angular-sass][0m

    src/styles.scss:2:8:
[37m      2 │ @import [32m[37m'./variables.scss';
        ╵         [32m^[0m


  Sass @import rules are deprecated and will be removed in Dart Sass 3.0.0.
  
  More info and automated migrator: [4mhttps://sass-lang.com/d/import[0m

  The plugin "angular-sass" was triggered by this import

    angular:styles/global:styles:2:8:
[37m      2 │ @import [32m'src/styles.scss'[37m;
        ╵         [32m~~~~~~~~~~~~~~~~~[0m


Page reload sent to client(s).

Warning: This is a simple server for use in testing or debugging Angular applications
locally. It hasn't been reviewed for security issues.

Binding this server to an open connection can result in compromising your application or
computer. Using a different host than the one passed to the "--host" flag might result in
websocket connection issues.
    
 [1mPort 4200 is already in use.
Would you like to use a different port?[22m [2m(Y/n)[22m[47Gnode:events:485
      throw er; // Unhandled 'error' event
      ^

Error: EBADF: bad file descriptor, read
Emitted 'error' event on Interface instance at:
    at ReadStream.onerror (node:internal/readline/interface:272:10)
    at ReadStream.emit (node:events:507:28)
    at emitErrorNT (node:internal/streams/destroy:170:8)
    at errorOrDestroy (node:internal/streams/destroy:239:7)
    at node:internal/fs/streams:272:9
    at FSReqCallback.wrapper [as oncomplete] (node:fs:663:5) {
  errno: -9,
  code: 'EBADF',
  syscall: 'read'
}

Node.js v24.1.0
❯ Changes detected. Rebuilding...
✔ Changes detected. Rebuilding...
Application bundle generation failed. [0.309 seconds]

[33m▲ [43;33m[[43;30mWARNING[43;33m][0m [1mDeprecation[0m [1m[35m[plugin angular-sass][0m

    src/styles.scss:2:8:
[37m      2 │ @import [32m[37m'./variables.scss';
        ╵         [32m^[0m


  Sass @import rules are deprecated and will be removed in Dart Sass 3.0.0.
  
  More info and automated migrator: [4mhttps://sass-lang.com/d/import[0m

  The plugin "angular-sass" was triggered by this import

    angular:styles/global:styles:2:8:
[37m      2 │ @import [32m'src/styles.scss'[37m;
        ╵         [32m~~~~~~~~~~~~~~~~~[0m


[31m✘ [41;31m[[41;97mERROR[41;31m][0m [1mNG8001: 'mat-paginator' is not a known element:
1. If 'mat-paginator' is an Angular component, then verify that it is included in the '@Component.imports' of this component.
2. If 'mat-paginator' is a Web Component then add 'CUSTOM_ELEMENTS_SCHEMA' to the '@Component.schemas' of this component to suppress this message.[0m [1m[35m[plugin angular-compiler][0m

    src/app/pages/adminPages/asc-user/asc-user.html:104:2:
[37m      104 │   [32m<mat-paginator[37m
          ╵   [32m~~~~~~~~~~~~~~[0m

  Error occurs in the template of component AscUser.

    src/app/pages/adminPages/asc-user/asc-user.ts:15:15:
[37m      15 │   templateUrl: [32m'./asc-user.html'[37m,
         ╵                [32m~~~~~~~~~~~~~~~~~[0m


[31m✘ [41;31m[[41;97mERROR[41;31m][0m [1mNG8002: Can't bind to 'length' since it isn't a known property of 'mat-paginator'.
1. If 'mat-paginator' is an Angular component and it has 'length' input, then verify that it is included in the '@Component.imports' of this component.
2. If 'mat-paginator' is a Web Component then add 'CUSTOM_ELEMENTS_SCHEMA' to the '@Component.schemas' of this component to suppress this message.
3. To allow any property add 'NO_ERRORS_SCHEMA' to the '@Component.schemas' of this component.[0m [1m[35m[plugin angular-compiler][0m

    src/app/pages/adminPages/asc-user/asc-user.html:105:4:
[37m      105 │     [32m[length]="filteredUsers.length"[37m
          ╵     [32m~~~~~~~~~~~~~~~~~~~~~~~~~~~~~~~[0m

  Error occurs in the template of component AscUser.

    src/app/pages/adminPages/asc-user/asc-user.ts:15:15:
[37m      15 │   templateUrl: [32m'./asc-user.html'[37m,
         ╵                [32m~~~~~~~~~~~~~~~~~[0m


[31m✘ [41;31m[[41;97mERROR[41;31m][0m [1mNG8002: Can't bind to 'pageSize' since it isn't a known property of 'mat-paginator'.
1. If 'mat-paginator' is an Angular component and it has 'pageSize' input, then verify that it is included in the '@Component.imports' of this component.
2. If 'mat-paginator' is a Web Component then add 'CUSTOM_ELEMENTS_SCHEMA' to the '@Component.schemas' of this component to suppress this message.
3. To allow any property add 'NO_ERRORS_SCHEMA' to the '@Component.schemas' of this component.[0m [1m[35m[plugin angular-compiler][0m

    src/app/pages/adminPages/asc-user/asc-user.html:106:4:
[37m      106 │     [32m[pageSize]="pageSize"[37m
          ╵     [32m~~~~~~~~~~~~~~~~~~~~~[0m

  Error occurs in the template of component AscUser.

    src/app/pages/adminPages/asc-user/asc-user.ts:15:15:
[37m      15 │   templateUrl: [32m'./asc-user.html'[37m,
         ╵                [32m~~~~~~~~~~~~~~~~~[0m


[31m✘ [41;31m[[41;97mERROR[41;31m][0m [1mNG9: Property 'pageIndex' does not exist on type 'Event'.[0m [1m[35m[plugin angular-compiler][0m

    src/app/pages/adminPages/asc-user/asc-user.html:107:32:
[37m      107 │     (page)="onPageChange($event.[32mpageIndex[37m)">
          ╵                                 [32m~~~~~~~~~[0m

  Error occurs in the template of component AscUser.

    src/app/pages/adminPages/asc-user/asc-user.ts:15:15:
[37m      15 │   templateUrl: [32m'./asc-user.html'[37m,
         ╵                [32m~~~~~~~~~~~~~~~~~[0m


❯ Changes detected. Rebuilding...
✔ Changes detected. Rebuilding...
Browser bundles     
Initial chunk files  | Names                  |  Raw size
main.js              | main                   |  50.13 kB | 
styles.css           | styles                 |   8.28 kB | 
chunk-6BTHOFVS.js    | -                      |   4.08 kB | 
polyfills.js         | polyfills              |  95 bytes | 

                     | Initial total          |  62.58 kB

Lazy chunk files     | Names                  |  Raw size
chunk-EOFCSDZO.js    | non-admin-pages-module |  73.25 kB | 
chunk-56L2ZFKZ.js    | admin-pages-module     |  72.61 kB | 


Server bundles      
Initial chunk files  | Names                  |  Raw size
main.server.mjs      | main.server            |  51.34 kB | 
chunk-RZLJ6I6E.mjs   | -                      |   4.11 kB | 
server.mjs           | server                 |   1.79 kB | 
polyfills.server.mjs | polyfills.server       | 266 bytes | 

Lazy chunk files     | Names                  |  Raw size
chunk-PF62SCHS.mjs   | non-admin-pages-module |  73.29 kB | 
chunk-2U4U2WPY.mjs   | admin-pages-module     |  72.65 kB | 

Application bundle generation complete. [0.925 seconds]

[33m▲ [43;33m[[43;30mWARNING[43;33m][0m [1mDeprecation[0m [1m[35m[plugin angular-sass][0m

    src/styles.scss:2:8:
[37m      2 │ @import [32m[37m'./variables.scss';
        ╵         [32m^[0m


  Sass @import rules are deprecated and will be removed in Dart Sass 3.0.0.
  
  More info and automated migrator: [4mhttps://sass-lang.com/d/import[0m

  The plugin "angular-sass" was triggered by this import

    angular:styles/global:styles:2:8:
[37m      2 │ @import [32m'src/styles.scss'[37m;
        ╵         [32m~~~~~~~~~~~~~~~~~[0m


Page reload sent to client(s).
11:51:59 AM [vite] (ssr) ✨ new dependencies optimized: @angular/material/paginator
11:51:59 AM [vite] (ssr) ✨ optimized dependencies changed. reloading
TypeError: Cannot use 'in' operator to search for 'ɵmod' in undefined
    at isNgModule (/home/ec2-user/Sales-Performance/frontend/salesPerformance/.angular/cache/20.0.0/salesPerformance/vite/deps_ssr/chunk-B3YKRSY5.js:26629:17)
    at eval (/home/ec2-user/Sales-Performance/frontend/salesPerformance/.angular/cache/20.0.0/salesPerformance/vite/deps_ssr/chunk-B3YKRSY5.js:26587:11)
    at Generator.next (<anonymous>)
    at eval (/home/ec2-user/Sales-Performance/frontend/salesPerformance/.angular/cache/20.0.0/salesPerformance/vite/deps_ssr/chunk-YHCV7DAQ.js:85:61)
    at new ZoneAwarePromise (/home/ec2-user/Sales-Performance/frontend/salesPerformance/.angular/cache/20.0.0/salesPerformance/vite/deps_ssr/zone__js_node.js:1195:23)
    at __async (/home/ec2-user/Sales-Performance/frontend/salesPerformance/.angular/cache/20.0.0/salesPerformance/vite/deps_ssr/chunk-YHCV7DAQ.js:69:10)
    at renderAngular (/home/ec2-user/Sales-Performance/frontend/salesPerformance/.angular/cache/20.0.0/salesPerformance/vite/deps_ssr/chunk-B3YKRSY5.js:26559:17)
    at AngularServerApp.eval (/home/ec2-user/Sales-Performance/frontend/salesPerformance/.angular/cache/20.0.0/salesPerformance/vite/deps_ssr/chunk-B3YKRSY5.js:27842:29)
    at Generator.next (<anonymous>)
    at fulfilled (/home/ec2-user/Sales-Performance/frontend/salesPerformance/.angular/cache/20.0.0/salesPerformance/vite/deps_ssr/chunk-YHCV7DAQ.js:72:24)
ERROR ReferenceError: window is not defined
    at _Platform.<instance_members_initializer> (/home/ec2-user/Sales-Performance/frontend/salesPerformance/.angular/cache/20.0.0/salesPerformance/vite/deps_ssr/chunk-235XWCXF.js:33:32)
    at new _Platform (/home/ec2-user/Sales-Performance/frontend/salesPerformance/.angular/cache/20.0.0/salesPerformance/vite/deps_ssr/chunk-235XWCXF.js:54:14)
    at Object.Platform_Factory (/home/ec2-user/Sales-Performance/frontend/salesPerformance/.angular/cache/20.0.0/salesPerformance/vite/deps_ssr/chunk-235XWCXF.js:57:12)
    at eval (/home/ec2-user/Sales-Performance/frontend/salesPerformance/.angular/cache/20.0.0/salesPerformance/vite/deps_ssr/chunk-3345WB4T.js:2312:35)
    at runInInjectorProfilerContext (/home/ec2-user/Sales-Performance/frontend/salesPerformance/.angular/cache/20.0.0/salesPerformance/vite/deps_ssr/chunk-3345WB4T.js:1489:5)
    at R3Injector.hydrate (/home/ec2-user/Sales-Performance/frontend/salesPerformance/.angular/cache/20.0.0/salesPerformance/vite/deps_ssr/chunk-3345WB4T.js:2310:11)
    at R3Injector.get (/home/ec2-user/Sales-Performance/frontend/salesPerformance/.angular/cache/20.0.0/salesPerformance/vite/deps_ssr/chunk-3345WB4T.js:2207:23)
    at R3Injector.retrieve (/home/ec2-user/Sales-Performance/frontend/salesPerformance/.angular/cache/20.0.0/salesPerformance/vite/deps_ssr/chunk-3345WB4T.js:2117:19)
    at injectInjectorOnly (/home/ec2-user/Sales-Performance/frontend/salesPerformance/.angular/cache/20.0.0/salesPerformance/vite/deps_ssr/chunk-3345WB4T.js:1620:35)
    at ɵɵinject (/home/ec2-user/Sales-Performance/frontend/salesPerformance/.angular/cache/20.0.0/salesPerformance/vite/deps_ssr/chunk-3345WB4T.js:1632:59)
ERROR ReferenceError: document is not defined
    at Object._document (/home/ec2-user/Sales-Performance/frontend/salesPerformance/.angular/cache/20.0.0/salesPerformance/vite/deps_ssr/chunk-K43PHSIW.js:1145:15)
    at Object.factory (/home/ec2-user/Sales-Performance/frontend/salesPerformance/.angular/cache/20.0.0/salesPerformance/vite/deps_ssr/chunk-3345WB4T.js:2391:32)
    at eval (/home/ec2-user/Sales-Performance/frontend/salesPerformance/.angular/cache/20.0.0/salesPerformance/vite/deps_ssr/chunk-3345WB4T.js:2312:35)
    at runInInjectorProfilerContext (/home/ec2-user/Sales-Performance/frontend/salesPerformance/.angular/cache/20.0.0/salesPerformance/vite/deps_ssr/chunk-3345WB4T.js:1489:5)
    at R3Injector.hydrate (/home/ec2-user/Sales-Performance/frontend/salesPerformance/.angular/cache/20.0.0/salesPerformance/vite/deps_ssr/chunk-3345WB4T.js:2310:11)
    at R3Injector.get (/home/ec2-user/Sales-Performance/frontend/salesPerformance/.angular/cache/20.0.0/salesPerformance/vite/deps_ssr/chunk-3345WB4T.js:2207:23)
    at R3Injector.get (/home/ec2-user/Sales-Performance/frontend/salesPerformance/.angular/cache/20.0.0/salesPerformance/vite/deps_ssr/chunk-3345WB4T.js:2212:27)
    at R3Injector.retrieve (/home/ec2-user/Sales-Performance/frontend/salesPerformance/.angular/cache/20.0.0/salesPerformance/vite/deps_ssr/chunk-3345WB4T.js:2117:19)
    at injectInjectorOnly (/home/ec2-user/Sales-Performance/frontend/salesPerformance/.angular/cache/20.0.0/salesPerformance/vite/deps_ssr/chunk-3345WB4T.js:1620:35)
    at ɵɵinject (/home/ec2-user/Sales-Performance/frontend/salesPerformance/.angular/cache/20.0.0/salesPerformance/vite/deps_ssr/chunk-3345WB4T.js:1632:59)
ReferenceError: window is not defined
    at _Platform.<instance_members_initializer> (/home/ec2-user/Sales-Performance/frontend/salesPerformance/.angular/cache/20.0.0/salesPerformance/vite/deps_ssr/chunk-235XWCXF.js:33:32)
    at new _Platform (/home/ec2-user/Sales-Performance/frontend/salesPerformance/.angular/cache/20.0.0/salesPerformance/vite/deps_ssr/chunk-235XWCXF.js:54:14)
    at Object.Platform_Factory (/home/ec2-user/Sales-Performance/frontend/salesPerformance/.angular/cache/20.0.0/salesPerformance/vite/deps_ssr/chunk-235XWCXF.js:57:12)
    at eval (/home/ec2-user/Sales-Performance/frontend/salesPerformance/.angular/cache/20.0.0/salesPerformance/vite/deps_ssr/chunk-3345WB4T.js:2312:35)
    at runInInjectorProfilerContext (/home/ec2-user/Sales-Performance/frontend/salesPerformance/.angular/cache/20.0.0/salesPerformance/vite/deps_ssr/chunk-3345WB4T.js:1489:5)
    at R3Injector.hydrate (/home/ec2-user/Sales-Performance/frontend/salesPerformance/.angular/cache/20.0.0/salesPerformance/vite/deps_ssr/chunk-3345WB4T.js:2310:11)
    at R3Injector.get (/home/ec2-user/Sales-Performance/frontend/salesPerformance/.angular/cache/20.0.0/salesPerformance/vite/deps_ssr/chunk-3345WB4T.js:2207:23)
    at R3Injector.retrieve (/home/ec2-user/Sales-Performance/frontend/salesPerformance/.angular/cache/20.0.0/salesPerformance/vite/deps_ssr/chunk-3345WB4T.js:2117:19)
    at injectInjectorOnly (/home/ec2-user/Sales-Performance/frontend/salesPerformance/.angular/cache/20.0.0/salesPerformance/vite/deps_ssr/chunk-3345WB4T.js:1620:35)
    at ɵɵinject (/home/ec2-user/Sales-Performance/frontend/salesPerformance/.angular/cache/20.0.0/salesPerformance/vite/deps_ssr/chunk-3345WB4T.js:1632:59)
❯ Changes detected. Rebuilding...
✔ Changes detected. Rebuilding...
Application bundle generation failed. [0.834 seconds]

[33m▲ [43;33m[[43;30mWARNING[43;33m][0m [1mDeprecation[0m [1m[35m[plugin angular-sass][0m

    src/styles.scss:2:8:
[37m      2 │ @import [32m[37m'./variables.scss';
        ╵         [32m^[0m


  Sass @import rules are deprecated and will be removed in Dart Sass 3.0.0.
  
  More info and automated migrator: [4mhttps://sass-lang.com/d/import[0m

  The plugin "angular-sass" was triggered by this import

    angular:styles/global:styles:2:8:
[37m      2 │ @import [32m'src/styles.scss'[37m;
        ╵         [32m~~~~~~~~~~~~~~~~~[0m


[31m✘ [41;31m[[41;97mERROR[41;31m][0m [1mTS2307: Cannot find module '@angular/material/dialog' or its corresponding type declarations.[0m [1m[35m[plugin angular-compiler][0m

    src/app/pages/adminPages/asc-user/asc-user.ts:6:43:
[37m      6 │ import { MatDialog, MatDialogModule } from [32m'@angular/material/dialog'[37m;
        ╵                                            [32m~~~~~~~~~~~~~~~~~~~~~~~~~~[0m


[31m✘ [41;31m[[41;97mERROR[41;31m][0m [1mTS2307: Cannot find module '@angular/material/form-field' or its corresponding type declarations.[0m [1m[35m[plugin angular-compiler][0m

    src/app/pages/adminPages/asc-user/asc-user.ts:7:35:
[37m      7 │ import { MatFormFieldModule } from [32m'@angular/material/form-field'[37m;
        ╵                                    [32m~~~~~~~~~~~~~~~~~~~~~~~~~~~~~~[0m


[31m✘ [41;31m[[41;97mERROR[41;31m][0m [1mTS2307: Cannot find module '@angular/material/input' or its corresponding type declarations.[0m [1m[35m[plugin angular-compiler][0m

    src/app/pages/adminPages/asc-user/asc-user.ts:8:31:
[37m      8 │ import { MatInputModule } from [32m'@angular/material/input'[37m;
        ╵                                [32m~~~~~~~~~~~~~~~~~~~~~~~~~[0m


[31m✘ [41;31m[[41;97mERROR[41;31m][0m [1mTS2307: Cannot find module '@angular/material/button' or its corresponding type declarations.[0m [1m[35m[plugin angular-compiler][0m

    src/app/pages/adminPages/asc-user/asc-user.ts:9:32:
[37m      9 │ import { MatButtonModule } from [32m'@angular/material/button'[37m;
        ╵                                 [32m~~~~~~~~~~~~~~~~~~~~~~~~~~[0m


[31m✘ [41;31m[[41;97mERROR[41;31m][0m [1mTS2307: Cannot find module '@angular/material/paginator' or its corresponding type declarations.[0m [1m[35m[plugin angular-compiler][0m

    src/app/pages/adminPages/asc-user/asc-user.ts:11:35:
[37m      11 │ import { MatPaginatorModule } from [32m'@angular/material/paginator'[37m;
         ╵                                    [32m~~~~~~~~~~~~~~~~~~~~~~~~~~~~~[0m


[31m✘ [41;31m[[41;97mERROR[41;31m][0m [1mTS-991010: 'imports' must be an array of components, directives, pipes, or NgModules.
  Value could not be determined statically.[0m [1m[35m[plugin angular-compiler][0m

    src/app/pages/adminPages/asc-user/asc-user.ts:19:55:
[37m      19 │ ...ialModule, FormsModule, [32mMatDialogModule[37m, MatFormFieldModule, Ma...
         ╵                            [32m~~~~~~~~~~~~~~~[0m

  Unknown reference.

    src/app/pages/adminPages/asc-user/asc-user.ts:19:55:
[37m      19 │ ...ialModule, FormsModule, [32mMatDialogModule[37m, MatFormFieldModule, Ma...
         ╵                            [32m~~~~~~~~~~~~~~~[0m


[31m✘ [41;31m[[41;97mERROR[41;31m][0m [1mTS-991010: 'imports' must be an array of components, directives, pipes, or NgModules.
  Value could not be determined statically.[0m [1m[35m[plugin angular-compiler][0m

    src/app/pages/adminPages/asc-user/asc-user.ts:19:72:
[37m      19 │ ...dule, MatDialogModule, [32mMatFormFieldModule[37m, MatInputModule, MatB...
         ╵                           [32m~~~~~~~~~~~~~~~~~~[0m

  Unknown reference.

    src/app/pages/adminPages/asc-user/asc-user.ts:19:72:
[37m      19 │ ...dule, MatDialogModule, [32mMatFormFieldModule[37m, MatInputModule, MatB...
         ╵                           [32m~~~~~~~~~~~~~~~~~~[0m


[31m✘ [41;31m[[41;97mERROR[41;31m][0m [1mTS-991010: 'imports' must be an array of components, directives, pipes, or NgModules.
  Value could not be determined statically.[0m [1m[35m[plugin angular-compiler][0m

    src/app/pages/adminPages/asc-user/asc-user.ts:19:92:
[37m      19 │ ...ule, MatFormFieldModule, [32mMatInputModule[37m, MatButtonModule, MatPa...
         ╵                             [32m~~~~~~~~~~~~~~[0m

  Unknown reference.

    src/app/pages/adminPages/asc-user/asc-user.ts:19:92:
[37m      19 │ ...ule, MatFormFieldModule, [32mMatInputModule[37m, MatButtonModule, MatPa...
         ╵                             [32m~~~~~~~~~~~~~~[0m


[31m✘ [41;31m[[41;97mERROR[41;31m][0m [1mTS-991010: 'imports' must be an array of components, directives, pipes, or NgModules.
  Value could not be determined statically.[0m [1m[35m[plugin angular-compiler][0m

    src/app/pages/adminPages/asc-user/asc-user.ts:19:108:
[37m      19 │ ...FieldModule, MatInputModule, [32mMatButtonModule[37m, MatPaginatorModule],
         ╵                                 [32m~~~~~~~~~~~~~~~[0m

  Unknown reference.

    src/app/pages/adminPages/asc-user/asc-user.ts:19:108:
[37m      19 │ ...FieldModule, MatInputModule, [32mMatButtonModule[37m, MatPaginatorModule],
         ╵                                 [32m~~~~~~~~~~~~~~~[0m


[31m✘ [41;31m[[41;97mERROR[41;31m][0m [1mTS-991010: 'imports' must be an array of components, directives, pipes, or NgModules.
  Value could not be determined statically.[0m [1m[35m[plugin angular-compiler][0m

    src/app/pages/adminPages/asc-user/asc-user.ts:19:125:
[37m      19 │ ...FieldModule, MatInputModule, MatButtonModule, [32mMatPaginatorModule[37m],
         ╵                                                  [32m~~~~~~~~~~~~~~~~~~[0m

  Unknown reference.

    src/app/pages/adminPages/asc-user/asc-user.ts:19:125:
[37m      19 │ ...FieldModule, MatInputModule, MatButtonModule, [32mMatPaginatorModule[37m],
         ╵                                                  [32m~~~~~~~~~~~~~~~~~~[0m


[31m✘ [41;31m[[41;97mERROR[41;31m][0m [1mTS2571: Object is of type 'unknown'.[0m [1m[35m[plugin angular-compiler][0m

    src/app/pages/adminPages/asc-user/asc-user.ts:234:22:
[37m      234 │     const dialogRef = [32mthis.dialog[37m.open(AddUserDialogComponent, {
          ╵                       [32m~~~~~~~~~~~[0m


[31m✘ [41;31m[[41;97mERROR[41;31m][0m [1mTS7006: Parameter 'result' implicitly has an 'any' type.[0m [1m[35m[plugin angular-compiler][0m

    src/app/pages/adminPages/asc-user/asc-user.ts:241:39:
[37m      241 │     dialogRef.afterClosed().subscribe(([32mresult[37m) => {
          ╵                                        [32m~~~~~~[0m


[31m✘ [41;31m[[41;97mERROR[41;31m][0m [1mTS2571: Object is of type 'unknown'.[0m [1m[35m[plugin angular-compiler][0m

    src/app/pages/adminPages/asc-user/asc-user.ts:251:22:
[37m      251 │     const dialogRef = [32mthis.dialog[37m.open(AddUserDialogComponent, {
          ╵                       [32m~~~~~~~~~~~[0m


[31m✘ [41;31m[[41;97mERROR[41;31m][0m [1mTS7006: Parameter 'result' implicitly has an 'any' type.[0m [1m[35m[plugin angular-compiler][0m

    src/app/pages/adminPages/asc-user/asc-user.ts:256:39:
[37m      256 │     dialogRef.afterClosed().subscribe(([32mresult[37m) => {
          ╵                                        [32m~~~~~~[0m


[31m✘ [41;31m[[41;97mERROR[41;31m][0m [1mTS2307: Cannot find module '@angular/material/snack-bar' or its corresponding type declarations.[0m [1m[35m[plugin angular-compiler][0m

    src/app/pages/adminPages/upload-data/upload-data.ts:5:28:
[37m      5 │ import { MatSnackBar } from [32m'@angular/material/snack-bar'[37m;
        ╵                             [32m~~~~~~~~~~~~~~~~~~~~~~~~~~~~~[0m


[31m✘ [41;31m[[41;97mERROR[41;31m][0m [1mTS-992012: Component imports must be standalone components, directives, pipes, or must be NgModules.[0m [1m[35m[plugin angular-compiler][0m

    src/app/pages/adminPages/upload-data/upload-data.ts:12:60:
[37m      12 │ ... [CommonModule, FormsModule, ReactiveFormsModule, [32mMaterialModule[37m],
         ╵                                                      [32m~~~~~~~~~~~~~~[0m


[31m✘ [41;31m[[41;97mERROR[41;31m][0m [1mTS2571: Object is of type 'unknown'.[0m [1m[35m[plugin angular-compiler][0m

    src/app/pages/adminPages/upload-data/upload-data.ts:77:10:
[37m      77 │           [32mthis._snackBar[37m.open(JSON.parse(xhr.responseText).message...
         ╵           [32m~~~~~~~~~~~~~~[0m


[31m✘ [41;31m[[41;97mERROR[41;31m][0m [1mTS2307: Cannot find module '@angular/cdk/layout' or its corresponding type declarations.[0m [1m[35m[plugin angular-compiler][0m

    src/app/pages/home/home.ts:7:48:
[37m      7 │ import { BreakpointObserver, Breakpoints } from [32m'@angular/cdk/layout'[37m;
        ╵                                                 [32m~~~~~~~~~~~~~~~~~~~~~[0m


[31m✘ [41;31m[[41;97mERROR[41;31m][0m [1mTS-992012: Component imports must be standalone components, directives, pipes, or must be NgModules.[0m [1m[35m[plugin angular-compiler][0m

    src/app/pages/home/home.ts:11:12:
[37m      11 │   imports: [[32mMaterialModule[37m,Sidenav,RouterOutlet],
         ╵             [32m~~~~~~~~~~~~~~[0m


[31m✘ [41;31m[[41;97mERROR[41;31m][0m [1mTS7006: Parameter 'result' implicitly has an 'any' type.[0m [1m[35m[plugin angular-compiler][0m

    src/app/pages/home/home.ts:26:104:
[37m      26 │ ...rve([Breakpoints.Small, Breakpoints.XSmall]).subscribe([32mresult[37m => {
         ╵                                                           [32m~~~~~~[0m


[31m✘ [41;31m[[41;97mERROR[41;31m][0m [1mTS2307: Cannot find module '@angular/material/snack-bar' or its corresponding type declarations.[0m [1m[35m[plugin angular-compiler][0m

    src/app/pages/login/login.ts:6:28:
[37m      6 │ import { MatSnackBar } from [32m'@angular/material/snack-bar'[37m;
        ╵                             [32m~~~~~~~~~~~~~~~~~~~~~~~~~~~~~[0m


[31m✘ [41;31m[[41;97mERROR[41;31m][0m [1mTS-992012: Component imports must be standalone components, directives, pipes, or must be NgModules.[0m [1m[35m[plugin angular-compiler][0m

    src/app/pages/login/login.ts:12:44:
[37m      12 │   imports: [ReactiveFormsModule,FormsModule,[32mMaterialModule[37m],
         ╵                                             [32m~~~~~~~~~~~~~~[0m


[31m✘ [41;31m[[41;97mERROR[41;31m][0m [1mTS-992012: Component imports must be standalone components, directives, pipes, or must be NgModules.[0m [1m[35m[plugin angular-compiler][0m

    src/app/pages/non-admin-pages/dashboard/dashboard.ts:22:12:
[37m      22 │   imports: [[32mMaterialModule[37m, CommonModule],
         ╵             [32m~~~~~~~~~~~~~~[0m


[31m✘ [41;31m[[41;97mERROR[41;31m][0m [1mTS-992012: Component imports must be standalone components, directives, pipes, or must be NgModules.[0m [1m[35m[plugin angular-compiler][0m

    src/app/pages/non-admin-pages/user-profile/user-profile.ts:14:12:
[37m      14 │   imports: [[32mMaterialModule[37m, CommonModule, FormsModule, ReactiveFor...
         ╵             [32m~~~~~~~~~~~~~~[0m


[31m✘ [41;31m[[41;97mERROR[41;31m][0m [1mTS2307: Cannot find module '@angular/material/dialog' or its corresponding type declarations.[0m [1m[35m[plugin angular-compiler][0m

    src/app/services/add-user.ts:2:63:
[37m      2 │ ...A, MatDialogRef, MatDialogModule } from [32m'@angular/material/dialog'[37m;
        ╵                                            [32m~~~~~~~~~~~~~~~~~~~~~~~~~~[0m


[31m✘ [41;31m[[41;97mERROR[41;31m][0m [1mTS2307: Cannot find module '@angular/material/form-field' or its corresponding type declarations.[0m [1m[35m[plugin angular-compiler][0m

    src/app/services/add-user.ts:4:35:
[37m      4 │ import { MatFormFieldModule } from [32m'@angular/material/form-field'[37m;
        ╵                                    [32m~~~~~~~~~~~~~~~~~~~~~~~~~~~~~~[0m


[31m✘ [41;31m[[41;97mERROR[41;31m][0m [1mTS2307: Cannot find module '@angular/material/input' or its corresponding type declarations.[0m [1m[35m[plugin angular-compiler][0m

    src/app/services/add-user.ts:5:31:
[37m      5 │ import { MatInputModule } from [32m'@angular/material/input'[37m;
        ╵                                [32m~~~~~~~~~~~~~~~~~~~~~~~~~[0m


[31m✘ [41;31m[[41;97mERROR[41;31m][0m [1mTS2307: Cannot find module '@angular/material/button' or its corresponding type declarations.[0m [1m[35m[plugin angular-compiler][0m

    src/app/services/add-user.ts:6:32:
[37m      6 │ import { MatButtonModule } from [32m'@angular/material/button'[37m;
        ╵                                 [32m~~~~~~~~~~~~~~~~~~~~~~~~~~[0m


[31m✘ [41;31m[[41;97mERROR[41;31m][0m [1mTS-992003: No suitable injection token for parameter 'dialogRef' of class 'AddUserDialogComponent'.
  Consider using the @Inject decorator to specify an injection token.[0m [1m[35m[plugin angular-compiler][0m

    src/app/services/add-user.ts:77:11:
[37m      77 │     public [32mdialogRef[37m: MatDialogRef<AddUserDialogComponent>,
         ╵            [32m~~~~~~~~~[0m

  This type does not have a value, so it cannot be used as injection token.

    src/app/services/add-user.ts:77:22:
[37m      77 │     public dialogRef: [32mMatDialogRef<AddUserDialogComponent>[37m,
         ╵                       [32m~~~~~~~~~~~~~~~~~~~~~~~~~~~~~~~~~~~~[0m


[31m✘ [41;31m[[41;97mERROR[41;31m][0m [1mTS2307: Cannot find module '@angular/material/button' or its corresponding type declarations.[0m [1m[35m[plugin angular-compiler][0m

    src/app/shared/material-module/material-module.ts:4:32:
[37m      4 │ import { MatButtonModule } from [32m'@angular/material/button'[37m;
        ╵                                 [32m~~~~~~~~~~~~~~~~~~~~~~~~~~[0m


[31m✘ [41;31m[[41;97mERROR[41;31m][0m [1mTS2307: Cannot find module '@angular/material/card' or its corresponding type declarations.[0m [1m[35m[plugin angular-compiler][0m

    src/app/shared/material-module/material-module.ts:5:30:
[37m      5 │ import { MatCardModule } from [32m'@angular/material/card'[37m;
        ╵                               [32m~~~~~~~~~~~~~~~~~~~~~~~~[0m


[31m✘ [41;31m[[41;97mERROR[41;31m][0m [1mTS2307: Cannot find module '@angular/material/form-field' or its corresponding type declarations.[0m [1m[35m[plugin angular-compiler][0m

    src/app/shared/material-module/material-module.ts:6:35:
[37m      6 │ import { MatFormFieldModule } from [32m'@angular/material/form-field'[37m;
        ╵                                    [32m~~~~~~~~~~~~~~~~~~~~~~~~~~~~~~[0m


[31m✘ [41;31m[[41;97mERROR[41;31m][0m [1mTS2307: Cannot find module '@angular/material/input' or its corresponding type declarations.[0m [1m[35m[plugin angular-compiler][0m

    src/app/shared/material-module/material-module.ts:7:31:
[37m      7 │ import { MatInputModule } from [32m'@angular/material/input'[37m;
        ╵                                [32m~~~~~~~~~~~~~~~~~~~~~~~~~[0m


[31m✘ [41;31m[[41;97mERROR[41;31m][0m [1mTS2307: Cannot find module '@angular/material/select' or its corresponding type declarations.[0m [1m[35m[plugin angular-compiler][0m

    src/app/shared/material-module/material-module.ts:8:32:
[37m      8 │ import { MatSelectModule } from [32m'@angular/material/select'[37m;
        ╵                                 [32m~~~~~~~~~~~~~~~~~~~~~~~~~~[0m


[31m✘ [41;31m[[41;97mERROR[41;31m][0m [1mTS2307: Cannot find module '@angular/material/table' or its corresponding type declarations.[0m [1m[35m[plugin angular-compiler][0m

    src/app/shared/material-module/material-module.ts:9:31:
[37m      9 │ import { MatTableModule } from [32m'@angular/material/table'[37m;
        ╵                                [32m~~~~~~~~~~~~~~~~~~~~~~~~~[0m


[31m✘ [41;31m[[41;97mERROR[41;31m][0m [1mTS2307: Cannot find module '@angular/material/sidenav' or its corresponding type declarations.[0m [1m[35m[plugin angular-compiler][0m

    src/app/shared/material-module/material-module.ts:10:33:
[37m      10 │ import { MatSidenavModule } from [32m'@angular/material/sidenav'[37m;
         ╵                                  [32m~~~~~~~~~~~~~~~~~~~~~~~~~~~[0m


[31m✘ [41;31m[[41;97mERROR[41;31m][0m [1mTS2307: Cannot find module '@angular/material/icon' or its corresponding type declarations.[0m [1m[35m[plugin angular-compiler][0m

    src/app/shared/material-module/material-module.ts:11:30:
[37m      11 │ import { MatIconModule } from [32m'@angular/material/icon'[37m;
         ╵                               [32m~~~~~~~~~~~~~~~~~~~~~~~~[0m


[31m✘ [41;31m[[41;97mERROR[41;31m][0m [1mTS2307: Cannot find module '@angular/material/toolbar' or its corresponding type declarations.[0m [1m[35m[plugin angular-compiler][0m

    src/app/shared/material-module/material-module.ts:12:33:
[37m      12 │ import { MatToolbarModule } from [32m'@angular/material/toolbar'[37m;
         ╵                                  [32m~~~~~~~~~~~~~~~~~~~~~~~~~~~[0m


[31m✘ [41;31m[[41;97mERROR[41;31m][0m [1mTS2307: Cannot find module '@angular/material/divider' or its corresponding type declarations.[0m [1m[35m[plugin angular-compiler][0m

    src/app/shared/material-module/material-module.ts:13:33:
[37m      13 │ import { MatDividerModule } from [32m'@angular/material/divider'[37m;
         ╵                                  [32m~~~~~~~~~~~~~~~~~~~~~~~~~~~[0m


[31m✘ [41;31m[[41;97mERROR[41;31m][0m [1mTS2307: Cannot find module '@angular/material/datepicker' or its corresponding type declarations.[0m [1m[35m[plugin angular-compiler][0m

    src/app/shared/material-module/material-module.ts:14:36:
[37m      14 │ ...kerModule } from [32m'@angular/material/datepicker'[37m;      // Option...
         ╵                     [32m~~~~~~~~~~~~~~~~~~~~~~~~~~~~~~[0m


[31m✘ [41;31m[[41;97mERROR[41;31m][0m [1mTS2307: Cannot find module '@angular/material/core' or its corresponding type declarations.[0m [1m[35m[plugin angular-compiler][0m

    src/app/shared/material-module/material-module.ts:15:36:
[37m      15 │ ...veDateModule } from [32m'@angular/material/core'[37m;             // Op...
         ╵                        [32m~~~~~~~~~~~~~~~~~~~~~~~~[0m


[31m✘ [41;31m[[41;97mERROR[41;31m][0m [1mTS2307: Cannot find module '@angular/material/dialog' or its corresponding type declarations.[0m [1m[35m[plugin angular-compiler][0m

    src/app/shared/material-module/material-module.ts:16:32:
[37m      16 │ import { MatDialogModule } from [32m'@angular/material/dialog'[37m;
         ╵                                 [32m~~~~~~~~~~~~~~~~~~~~~~~~~~[0m


[31m✘ [41;31m[[41;97mERROR[41;31m][0m [1mTS-991010: Value at position 1 in the NgModule.imports of MaterialModule is not a reference
  Value could not be determined statically.[0m [1m[35m[plugin angular-compiler][0m

    src/app/shared/material-module/material-module.ts:21:11:
[37m      21 │   imports: [32m[[37m
         ╵            [32m^[0m

  Unknown reference.

    src/app/shared/material-module/material-module.ts:23:4:
[37m      23 │     [32mMatFormFieldModule[37m,
         ╵     [32m~~~~~~~~~~~~~~~~~~[0m


[31m✘ [41;31m[[41;97mERROR[41;31m][0m [1mTS-992012: Component imports must be standalone components, directives, pipes, or must be NgModules.[0m [1m[35m[plugin angular-compiler][0m

    src/app/shared/navbar/navbar.ts:12:11:
[37m      12 │   imports:[[32mMaterialModule[37m,CommonModule]
         ╵            [32m~~~~~~~~~~~~~~[0m


❯ Changes detected. Rebuilding...
✔ Changes detected. Rebuilding...
Application bundle generation failed. [0.013 seconds]

[33m▲ [43;33m[[43;30mWARNING[43;33m][0m [1mDeprecation[0m [1m[35m[plugin angular-sass][0m

    src/styles.scss:2:8:
[37m      2 │ @import [32m[37m'./variables.scss';
        ╵         [32m^[0m


  Sass @import rules are deprecated and will be removed in Dart Sass 3.0.0.
  
  More info and automated migrator: [4mhttps://sass-lang.com/d/import[0m

  The plugin "angular-sass" was triggered by this import

    angular:styles/global:styles:2:8:
[37m      2 │ @import [32m'src/styles.scss'[37m;
        ╵         [32m~~~~~~~~~~~~~~~~~[0m


[31m✘ [41;31m[[41;97mERROR[41;31m][0m [1mTS2307: Cannot find module '@angular/material/dialog' or its corresponding type declarations.[0m [1m[35m[plugin angular-compiler][0m

    src/app/pages/adminPages/asc-user/asc-user.ts:6:43:
[37m      6 │ import { MatDialog, MatDialogModule } from [32m'@angular/material/dialog'[37m;
        ╵                                            [32m~~~~~~~~~~~~~~~~~~~~~~~~~~[0m


[31m✘ [41;31m[[41;97mERROR[41;31m][0m [1mTS2307: Cannot find module '@angular/material/form-field' or its corresponding type declarations.[0m [1m[35m[plugin angular-compiler][0m

    src/app/pages/adminPages/asc-user/asc-user.ts:7:35:
[37m      7 │ import { MatFormFieldModule } from [32m'@angular/material/form-field'[37m;
        ╵                                    [32m~~~~~~~~~~~~~~~~~~~~~~~~~~~~~~[0m


[31m✘ [41;31m[[41;97mERROR[41;31m][0m [1mTS2307: Cannot find module '@angular/material/input' or its corresponding type declarations.[0m [1m[35m[plugin angular-compiler][0m

    src/app/pages/adminPages/asc-user/asc-user.ts:8:31:
[37m      8 │ import { MatInputModule } from [32m'@angular/material/input'[37m;
        ╵                                [32m~~~~~~~~~~~~~~~~~~~~~~~~~[0m


[31m✘ [41;31m[[41;97mERROR[41;31m][0m [1mTS2307: Cannot find module '@angular/material/button' or its corresponding type declarations.[0m [1m[35m[plugin angular-compiler][0m

    src/app/pages/adminPages/asc-user/asc-user.ts:9:32:
[37m      9 │ import { MatButtonModule } from [32m'@angular/material/button'[37m;
        ╵                                 [32m~~~~~~~~~~~~~~~~~~~~~~~~~~[0m


[31m✘ [41;31m[[41;97mERROR[41;31m][0m [1mTS2307: Cannot find module '@angular/material/paginator' or its corresponding type declarations.[0m [1m[35m[plugin angular-compiler][0m

    src/app/pages/adminPages/asc-user/asc-user.ts:11:35:
[37m      11 │ import { MatPaginatorModule } from [32m'@angular/material/paginator'[37m;
         ╵                                    [32m~~~~~~~~~~~~~~~~~~~~~~~~~~~~~[0m


[31m✘ [41;31m[[41;97mERROR[41;31m][0m [1mTS-991010: 'imports' must be an array of components, directives, pipes, or NgModules.
  Value could not be determined statically.[0m [1m[35m[plugin angular-compiler][0m

    src/app/pages/adminPages/asc-user/asc-user.ts:19:55:
[37m      19 │ ...ialModule, FormsModule, [32mMatDialogModule[37m, MatFormFieldModule, Ma...
         ╵                            [32m~~~~~~~~~~~~~~~[0m

  Unknown reference.

    src/app/pages/adminPages/asc-user/asc-user.ts:19:55:
[37m      19 │ ...ialModule, FormsModule, [32mMatDialogModule[37m, MatFormFieldModule, Ma...
         ╵                            [32m~~~~~~~~~~~~~~~[0m


[31m✘ [41;31m[[41;97mERROR[41;31m][0m [1mTS-991010: 'imports' must be an array of components, directives, pipes, or NgModules.
  Value could not be determined statically.[0m [1m[35m[plugin angular-compiler][0m

    src/app/pages/adminPages/asc-user/asc-user.ts:19:72:
[37m      19 │ ...dule, MatDialogModule, [32mMatFormFieldModule[37m, MatInputModule, MatB...
         ╵                           [32m~~~~~~~~~~~~~~~~~~[0m

  Unknown reference.

    src/app/pages/adminPages/asc-user/asc-user.ts:19:72:
[37m      19 │ ...dule, MatDialogModule, [32mMatFormFieldModule[37m, MatInputModule, MatB...
         ╵                           [32m~~~~~~~~~~~~~~~~~~[0m


[31m✘ [41;31m[[41;97mERROR[41;31m][0m [1mTS-991010: 'imports' must be an array of components, directives, pipes, or NgModules.
  Value could not be determined statically.[0m [1m[35m[plugin angular-compiler][0m

    src/app/pages/adminPages/asc-user/asc-user.ts:19:92:
[37m      19 │ ...ule, MatFormFieldModule, [32mMatInputModule[37m, MatButtonModule, MatPa...
         ╵                             [32m~~~~~~~~~~~~~~[0m

  Unknown reference.

    src/app/pages/adminPages/asc-user/asc-user.ts:19:92:
[37m      19 │ ...ule, MatFormFieldModule, [32mMatInputModule[37m, MatButtonModule, MatPa...
         ╵                             [32m~~~~~~~~~~~~~~[0m


[31m✘ [41;31m[[41;97mERROR[41;31m][0m [1mTS-991010: 'imports' must be an array of components, directives, pipes, or NgModules.
  Value could not be determined statically.[0m [1m[35m[plugin angular-compiler][0m

    src/app/pages/adminPages/asc-user/asc-user.ts:19:108:
[37m      19 │ ...FieldModule, MatInputModule, [32mMatButtonModule[37m, MatPaginatorModule],
         ╵                                 [32m~~~~~~~~~~~~~~~[0m

  Unknown reference.

    src/app/pages/adminPages/asc-user/asc-user.ts:19:108:
[37m      19 │ ...FieldModule, MatInputModule, [32mMatButtonModule[37m, MatPaginatorModule],
         ╵                                 [32m~~~~~~~~~~~~~~~[0m


[31m✘ [41;31m[[41;97mERROR[41;31m][0m [1mTS-991010: 'imports' must be an array of components, directives, pipes, or NgModules.
  Value could not be determined statically.[0m [1m[35m[plugin angular-compiler][0m

    src/app/pages/adminPages/asc-user/asc-user.ts:19:125:
[37m      19 │ ...FieldModule, MatInputModule, MatButtonModule, [32mMatPaginatorModule[37m],
         ╵                                                  [32m~~~~~~~~~~~~~~~~~~[0m

  Unknown reference.

    src/app/pages/adminPages/asc-user/asc-user.ts:19:125:
[37m      19 │ ...FieldModule, MatInputModule, MatButtonModule, [32mMatPaginatorModule[37m],
         ╵                                                  [32m~~~~~~~~~~~~~~~~~~[0m


[31m✘ [41;31m[[41;97mERROR[41;31m][0m [1mTS2571: Object is of type 'unknown'.[0m [1m[35m[plugin angular-compiler][0m

    src/app/pages/adminPages/asc-user/asc-user.ts:234:22:
[37m      234 │     const dialogRef = [32mthis.dialog[37m.open(AddUserDialogComponent, {
          ╵                       [32m~~~~~~~~~~~[0m


[31m✘ [41;31m[[41;97mERROR[41;31m][0m [1mTS7006: Parameter 'result' implicitly has an 'any' type.[0m [1m[35m[plugin angular-compiler][0m

    src/app/pages/adminPages/asc-user/asc-user.ts:241:39:
[37m      241 │     dialogRef.afterClosed().subscribe(([32mresult[37m) => {
          ╵                                        [32m~~~~~~[0m


[31m✘ [41;31m[[41;97mERROR[41;31m][0m [1mTS2571: Object is of type 'unknown'.[0m [1m[35m[plugin angular-compiler][0m

    src/app/pages/adminPages/asc-user/asc-user.ts:251:22:
[37m      251 │     const dialogRef = [32mthis.dialog[37m.open(AddUserDialogComponent, {
          ╵                       [32m~~~~~~~~~~~[0m


[31m✘ [41;31m[[41;97mERROR[41;31m][0m [1mTS7006: Parameter 'result' implicitly has an 'any' type.[0m [1m[35m[plugin angular-compiler][0m

    src/app/pages/adminPages/asc-user/asc-user.ts:256:39:
[37m      256 │     dialogRef.afterClosed().subscribe(([32mresult[37m) => {
          ╵                                        [32m~~~~~~[0m


[31m✘ [41;31m[[41;97mERROR[41;31m][0m [1mTS2307: Cannot find module '@angular/material/snack-bar' or its corresponding type declarations.[0m [1m[35m[plugin angular-compiler][0m

    src/app/pages/adminPages/upload-data/upload-data.ts:5:28:
[37m      5 │ import { MatSnackBar } from [32m'@angular/material/snack-bar'[37m;
        ╵                             [32m~~~~~~~~~~~~~~~~~~~~~~~~~~~~~[0m


[31m✘ [41;31m[[41;97mERROR[41;31m][0m [1mTS-992012: Component imports must be standalone components, directives, pipes, or must be NgModules.[0m [1m[35m[plugin angular-compiler][0m

    src/app/pages/adminPages/upload-data/upload-data.ts:12:60:
[37m      12 │ ... [CommonModule, FormsModule, ReactiveFormsModule, [32mMaterialModule[37m],
         ╵                                                      [32m~~~~~~~~~~~~~~[0m


[31m✘ [41;31m[[41;97mERROR[41;31m][0m [1mTS2571: Object is of type 'unknown'.[0m [1m[35m[plugin angular-compiler][0m

    src/app/pages/adminPages/upload-data/upload-data.ts:77:10:
[37m      77 │           [32mthis._snackBar[37m.open(JSON.parse(xhr.responseText).message...
         ╵           [32m~~~~~~~~~~~~~~[0m


[31m✘ [41;31m[[41;97mERROR[41;31m][0m [1mTS2307: Cannot find module '@angular/cdk/layout' or its corresponding type declarations.[0m [1m[35m[plugin angular-compiler][0m

    src/app/pages/home/home.ts:7:48:
[37m      7 │ import { BreakpointObserver, Breakpoints } from [32m'@angular/cdk/layout'[37m;
        ╵                                                 [32m~~~~~~~~~~~~~~~~~~~~~[0m


[31m✘ [41;31m[[41;97mERROR[41;31m][0m [1mTS-992012: Component imports must be standalone components, directives, pipes, or must be NgModules.[0m [1m[35m[plugin angular-compiler][0m

    src/app/pages/home/home.ts:11:12:
[37m      11 │   imports: [[32mMaterialModule[37m,Sidenav,RouterOutlet],
         ╵             [32m~~~~~~~~~~~~~~[0m


[31m✘ [41;31m[[41;97mERROR[41;31m][0m [1mTS7006: Parameter 'result' implicitly has an 'any' type.[0m [1m[35m[plugin angular-compiler][0m

    src/app/pages/home/home.ts:26:104:
[37m      26 │ ...rve([Breakpoints.Small, Breakpoints.XSmall]).subscribe([32mresult[37m => {
         ╵                                                           [32m~~~~~~[0m


[31m✘ [41;31m[[41;97mERROR[41;31m][0m [1mTS2307: Cannot find module '@angular/material/snack-bar' or its corresponding type declarations.[0m [1m[35m[plugin angular-compiler][0m

    src/app/pages/login/login.ts:6:28:
[37m      6 │ import { MatSnackBar } from [32m'@angular/material/snack-bar'[37m;
        ╵                             [32m~~~~~~~~~~~~~~~~~~~~~~~~~~~~~[0m


[31m✘ [41;31m[[41;97mERROR[41;31m][0m [1mTS-992012: Component imports must be standalone components, directives, pipes, or must be NgModules.[0m [1m[35m[plugin angular-compiler][0m

    src/app/pages/login/login.ts:12:44:
[37m      12 │   imports: [ReactiveFormsModule,FormsModule,[32mMaterialModule[37m],
         ╵                                             [32m~~~~~~~~~~~~~~[0m


[31m✘ [41;31m[[41;97mERROR[41;31m][0m [1mTS-992012: Component imports must be standalone components, directives, pipes, or must be NgModules.[0m [1m[35m[plugin angular-compiler][0m

    src/app/pages/non-admin-pages/dashboard/dashboard.ts:22:12:
[37m      22 │   imports: [[32mMaterialModule[37m, CommonModule],
         ╵             [32m~~~~~~~~~~~~~~[0m


[31m✘ [41;31m[[41;97mERROR[41;31m][0m [1mTS-992012: Component imports must be standalone components, directives, pipes, or must be NgModules.[0m [1m[35m[plugin angular-compiler][0m

    src/app/pages/non-admin-pages/user-profile/user-profile.ts:14:12:
[37m      14 │   imports: [[32mMaterialModule[37m, CommonModule, FormsModule, ReactiveFor...
         ╵             [32m~~~~~~~~~~~~~~[0m


[31m✘ [41;31m[[41;97mERROR[41;31m][0m [1mTS2307: Cannot find module '@angular/material/dialog' or its corresponding type declarations.[0m [1m[35m[plugin angular-compiler][0m

    src/app/services/add-user.ts:2:63:
[37m      2 │ ...A, MatDialogRef, MatDialogModule } from [32m'@angular/material/dialog'[37m;
        ╵                                            [32m~~~~~~~~~~~~~~~~~~~~~~~~~~[0m


[31m✘ [41;31m[[41;97mERROR[41;31m][0m [1mTS2307: Cannot find module '@angular/material/form-field' or its corresponding type declarations.[0m [1m[35m[plugin angular-compiler][0m

    src/app/services/add-user.ts:4:35:
[37m      4 │ import { MatFormFieldModule } from [32m'@angular/material/form-field'[37m;
        ╵                                    [32m~~~~~~~~~~~~~~~~~~~~~~~~~~~~~~[0m


[31m✘ [41;31m[[41;97mERROR[41;31m][0m [1mTS2307: Cannot find module '@angular/material/input' or its corresponding type declarations.[0m [1m[35m[plugin angular-compiler][0m

    src/app/services/add-user.ts:5:31:
[37m      5 │ import { MatInputModule } from [32m'@angular/material/input'[37m;
        ╵                                [32m~~~~~~~~~~~~~~~~~~~~~~~~~[0m


[31m✘ [41;31m[[41;97mERROR[41;31m][0m [1mTS2307: Cannot find module '@angular/material/button' or its corresponding type declarations.[0m [1m[35m[plugin angular-compiler][0m

    src/app/services/add-user.ts:6:32:
[37m      6 │ import { MatButtonModule } from [32m'@angular/material/button'[37m;
        ╵                                 [32m~~~~~~~~~~~~~~~~~~~~~~~~~~[0m


[31m✘ [41;31m[[41;97mERROR[41;31m][0m [1mTS-992003: No suitable injection token for parameter 'dialogRef' of class 'AddUserDialogComponent'.
  Consider using the @Inject decorator to specify an injection token.[0m [1m[35m[plugin angular-compiler][0m

    src/app/services/add-user.ts:77:11:
[37m      77 │     public [32mdialogRef[37m: MatDialogRef<AddUserDialogComponent>,
         ╵            [32m~~~~~~~~~[0m

  This type does not have a value, so it cannot be used as injection token.

    src/app/services/add-user.ts:77:22:
[37m      77 │     public dialogRef: [32mMatDialogRef<AddUserDialogComponent>[37m,
         ╵                       [32m~~~~~~~~~~~~~~~~~~~~~~~~~~~~~~~~~~~~[0m


[31m✘ [41;31m[[41;97mERROR[41;31m][0m [1mTS2307: Cannot find module '@angular/material/button' or its corresponding type declarations.[0m [1m[35m[plugin angular-compiler][0m

    src/app/shared/material-module/material-module.ts:4:32:
[37m      4 │ import { MatButtonModule } from [32m'@angular/material/button'[37m;
        ╵                                 [32m~~~~~~~~~~~~~~~~~~~~~~~~~~[0m


[31m✘ [41;31m[[41;97mERROR[41;31m][0m [1mTS2307: Cannot find module '@angular/material/card' or its corresponding type declarations.[0m [1m[35m[plugin angular-compiler][0m

    src/app/shared/material-module/material-module.ts:5:30:
[37m      5 │ import { MatCardModule } from [32m'@angular/material/card'[37m;
        ╵                               [32m~~~~~~~~~~~~~~~~~~~~~~~~[0m


[31m✘ [41;31m[[41;97mERROR[41;31m][0m [1mTS2307: Cannot find module '@angular/material/form-field' or its corresponding type declarations.[0m [1m[35m[plugin angular-compiler][0m

    src/app/shared/material-module/material-module.ts:6:35:
[37m      6 │ import { MatFormFieldModule } from [32m'@angular/material/form-field'[37m;
        ╵                                    [32m~~~~~~~~~~~~~~~~~~~~~~~~~~~~~~[0m


[31m✘ [41;31m[[41;97mERROR[41;31m][0m [1mTS2307: Cannot find module '@angular/material/input' or its corresponding type declarations.[0m [1m[35m[plugin angular-compiler][0m

    src/app/shared/material-module/material-module.ts:7:31:
[37m      7 │ import { MatInputModule } from [32m'@angular/material/input'[37m;
        ╵                                [32m~~~~~~~~~~~~~~~~~~~~~~~~~[0m


[31m✘ [41;31m[[41;97mERROR[41;31m][0m [1mTS2307: Cannot find module '@angular/material/select' or its corresponding type declarations.[0m [1m[35m[plugin angular-compiler][0m

    src/app/shared/material-module/material-module.ts:8:32:
[37m      8 │ import { MatSelectModule } from [32m'@angular/material/select'[37m;
        ╵                                 [32m~~~~~~~~~~~~~~~~~~~~~~~~~~[0m


[31m✘ [41;31m[[41;97mERROR[41;31m][0m [1mTS2307: Cannot find module '@angular/material/table' or its corresponding type declarations.[0m [1m[35m[plugin angular-compiler][0m

    src/app/shared/material-module/material-module.ts:9:31:
[37m      9 │ import { MatTableModule } from [32m'@angular/material/table'[37m;
        ╵                                [32m~~~~~~~~~~~~~~~~~~~~~~~~~[0m


[31m✘ [41;31m[[41;97mERROR[41;31m][0m [1mTS2307: Cannot find module '@angular/material/sidenav' or its corresponding type declarations.[0m [1m[35m[plugin angular-compiler][0m

    src/app/shared/material-module/material-module.ts:10:33:
[37m      10 │ import { MatSidenavModule } from [32m'@angular/material/sidenav'[37m;
         ╵                                  [32m~~~~~~~~~~~~~~~~~~~~~~~~~~~[0m


[31m✘ [41;31m[[41;97mERROR[41;31m][0m [1mTS2307: Cannot find module '@angular/material/icon' or its corresponding type declarations.[0m [1m[35m[plugin angular-compiler][0m

    src/app/shared/material-module/material-module.ts:11:30:
[37m      11 │ import { MatIconModule } from [32m'@angular/material/icon'[37m;
         ╵                               [32m~~~~~~~~~~~~~~~~~~~~~~~~[0m


[31m✘ [41;31m[[41;97mERROR[41;31m][0m [1mTS2307: Cannot find module '@angular/material/toolbar' or its corresponding type declarations.[0m [1m[35m[plugin angular-compiler][0m

    src/app/shared/material-module/material-module.ts:12:33:
[37m      12 │ import { MatToolbarModule } from [32m'@angular/material/toolbar'[37m;
         ╵                                  [32m~~~~~~~~~~~~~~~~~~~~~~~~~~~[0m


[31m✘ [41;31m[[41;97mERROR[41;31m][0m [1mTS2307: Cannot find module '@angular/material/divider' or its corresponding type declarations.[0m [1m[35m[plugin angular-compiler][0m

    src/app/shared/material-module/material-module.ts:13:33:
[37m      13 │ import { MatDividerModule } from [32m'@angular/material/divider'[37m;
         ╵                                  [32m~~~~~~~~~~~~~~~~~~~~~~~~~~~[0m


[31m✘ [41;31m[[41;97mERROR[41;31m][0m [1mTS2307: Cannot find module '@angular/material/datepicker' or its corresponding type declarations.[0m [1m[35m[plugin angular-compiler][0m

    src/app/shared/material-module/material-module.ts:14:36:
[37m      14 │ ...kerModule } from [32m'@angular/material/datepicker'[37m;      // Option...
         ╵                     [32m~~~~~~~~~~~~~~~~~~~~~~~~~~~~~~[0m


[31m✘ [41;31m[[41;97mERROR[41;31m][0m [1mTS2307: Cannot find module '@angular/material/core' or its corresponding type declarations.[0m [1m[35m[plugin angular-compiler][0m

    src/app/shared/material-module/material-module.ts:15:36:
[37m      15 │ ...veDateModule } from [32m'@angular/material/core'[37m;             // Op...
         ╵                        [32m~~~~~~~~~~~~~~~~~~~~~~~~[0m


[31m✘ [41;31m[[41;97mERROR[41;31m][0m [1mTS2307: Cannot find module '@angular/material/dialog' or its corresponding type declarations.[0m [1m[35m[plugin angular-compiler][0m

    src/app/shared/material-module/material-module.ts:16:32:
[37m      16 │ import { MatDialogModule } from [32m'@angular/material/dialog'[37m;
         ╵                                 [32m~~~~~~~~~~~~~~~~~~~~~~~~~~[0m


[31m✘ [41;31m[[41;97mERROR[41;31m][0m [1mTS-991010: Value at position 1 in the NgModule.imports of MaterialModule is not a reference
  Value could not be determined statically.[0m [1m[35m[plugin angular-compiler][0m

    src/app/shared/material-module/material-module.ts:21:11:
[37m      21 │   imports: [32m[[37m
         ╵            [32m^[0m

  Unknown reference.

    src/app/shared/material-module/material-module.ts:23:4:
[37m      23 │     [32mMatFormFieldModule[37m,
         ╵     [32m~~~~~~~~~~~~~~~~~~[0m


[31m✘ [41;31m[[41;97mERROR[41;31m][0m [1mTS-992012: Component imports must be standalone components, directives, pipes, or must be NgModules.[0m [1m[35m[plugin angular-compiler][0m

    src/app/shared/navbar/navbar.ts:12:11:
[37m      12 │   imports:[[32mMaterialModule[37m,CommonModule]
         ╵            [32m~~~~~~~~~~~~~~[0m



Warning: This is a simple server for use in testing or debugging Angular applications
locally. It hasn't been reviewed for security issues.

Binding this server to an open connection can result in compromising your application or
computer. Using a different host than the one passed to the "--host" flag might result in
websocket connection issues.
    
 [1mPort 4200 is already in use.
Would you like to use a different port?[22m [2m(Y/n)[22m[47Gnode:events:485
      throw er; // Unhandled 'error' event
      ^

Error: EBADF: bad file descriptor, read
Emitted 'error' event on Interface instance at:
    at ReadStream.onerror (node:internal/readline/interface:272:10)
    at ReadStream.emit (node:events:507:28)
    at emitErrorNT (node:internal/streams/destroy:170:8)
    at errorOrDestroy (node:internal/streams/destroy:239:7)
    at node:internal/fs/streams:272:9
    at FSReqCallback.wrapper [as oncomplete] (node:fs:663:5) {
  errno: -9,
  code: 'EBADF',
  syscall: 'read'
}

Node.js v24.1.0
Error: NG0400: A platform with a different configuration has been created. Please destroy it first.
    at assertPlatform (/home/ec2-user/Sales-Performance/frontend/salesPerformance/.angular/cache/20.0.0/salesPerformance/vite/deps_ssr/chunk-3345WB4T.js:23444:11)
    at eval (/home/ec2-user/Sales-Performance/frontend/salesPerformance/.angular/cache/20.0.0/salesPerformance/vite/deps_ssr/chunk-3345WB4T.js:23425:12)
    at platformServer (/home/ec2-user/Sales-Performance/frontend/salesPerformance/.angular/cache/20.0.0/salesPerformance/vite/deps_ssr/chunk-B3YKRSY5.js:16659:101)
    at eval (/home/ec2-user/Sales-Performance/frontend/salesPerformance/.angular/cache/20.0.0/salesPerformance/vite/deps_ssr/chunk-B3YKRSY5.js:27121:25)
    at Generator.next (<anonymous>)
    at eval (/home/ec2-user/Sales-Performance/frontend/salesPerformance/.angular/cache/20.0.0/salesPerformance/vite/deps_ssr/chunk-YHCV7DAQ.js:85:61)
    at new ZoneAwarePromise (/home/ec2-user/Sales-Performance/frontend/salesPerformance/.angular/cache/20.0.0/salesPerformance/vite/deps_ssr/zone__js_node.js:1195:23)
    at __async (/home/ec2-user/Sales-Performance/frontend/salesPerformance/.angular/cache/20.0.0/salesPerformance/vite/deps_ssr/chunk-YHCV7DAQ.js:69:10)
    at getRoutesFromAngularRouterConfig (/home/ec2-user/Sales-Performance/frontend/salesPerformance/.angular/cache/20.0.0/salesPerformance/vite/deps_ssr/chunk-B3YKRSY5.js:27119:17)
    at eval (/home/ec2-user/Sales-Performance/frontend/salesPerformance/.angular/cache/20.0.0/salesPerformance/vite/deps_ssr/chunk-B3YKRSY5.js:27243:65)

Warning: This is a simple server for use in testing or debugging Angular applications
locally. It hasn't been reviewed for security issues.

Binding this server to an open connection can result in compromising your application or
computer. Using a different host than the one passed to the "--host" flag might result in
websocket connection issues.
    
❯ Building...
✔ Building...
Browser bundles     
Initial chunk files  | Names                  |  Raw size
main.js              | main                   |  50.13 kB | 
styles.css           | styles                 |   8.03 kB | 
chunk-6BTHOFVS.js    | -                      |   4.08 kB | 
polyfills.js         | polyfills              |  95 bytes | 

                     | Initial total          |  62.33 kB

Lazy chunk files     | Names                  |  Raw size
chunk-EOFCSDZO.js    | non-admin-pages-module |  73.25 kB | 
chunk-56L2ZFKZ.js    | admin-pages-module     |  72.61 kB | 


Server bundles      
Initial chunk files  | Names                  |  Raw size
main.server.mjs      | main.server            |  51.34 kB | 
chunk-RZLJ6I6E.mjs   | -                      |   4.11 kB | 
server.mjs           | server                 |   1.79 kB | 
polyfills.server.mjs | polyfills.server       | 266 bytes | 

Lazy chunk files     | Names                  |  Raw size
chunk-PF62SCHS.mjs   | non-admin-pages-module |  73.29 kB | 
chunk-2U4U2WPY.mjs   | admin-pages-module     |  72.65 kB | 

Application bundle generation complete. [4.634 seconds]

[33m▲ [43;33m[[43;30mWARNING[43;33m][0m [1mDeprecation[0m [1m[35m[plugin angular-sass][0m

    src/styles.scss:2:8:
[37m      2 │ @import [32m[37m'./variables.scss';
        ╵         [32m^[0m


  Sass @import rules are deprecated and will be removed in Dart Sass 3.0.0.
  
  More info and automated migrator: [4mhttps://sass-lang.com/d/import[0m

  The plugin "angular-sass" was triggered by this import

    angular:styles/global:styles:2:8:
[37m      2 │ @import [32m'src/styles.scss'[37m;
        ╵         [32m~~~~~~~~~~~~~~~~~[0m


Watch mode enabled. Watching for file changes...
NOTE: Raw file sizes do not reflect development server per-request transformations.
11:54:27 AM [vite] (client) Re-optimizing dependencies because lockfile has changed
11:54:27 AM [vite] (ssr) Re-optimizing dependencies because lockfile has changed
  ➜  Local:   http://localhost:4200/
  ➜  Network: http://172.31.8.63:4200/

Warning: This is a simple server for use in testing or debugging Angular applications
locally. It hasn't been reviewed for security issues.

Binding this server to an open connection can result in compromising your application or
computer. Using a different host than the one passed to the "--host" flag might result in
websocket connection issues.
    
 [1mPort 4200 is already in use.
Would you like to use a different port?[22m [2m(Y/n)[22m[47Gnode:events:485
      throw er; // Unhandled 'error' event
      ^

Error: EBADF: bad file descriptor, read
Emitted 'error' event on Interface instance at:
    at ReadStream.onerror (node:internal/readline/interface:272:10)
    at ReadStream.emit (node:events:507:28)
    at emitErrorNT (node:internal/streams/destroy:170:8)
    at errorOrDestroy (node:internal/streams/destroy:239:7)
    at node:internal/fs/streams:272:9
    at FSReqCallback.wrapper [as oncomplete] (node:fs:663:5) {
  errno: -9,
  code: 'EBADF',
  syscall: 'read'
}

Node.js v24.1.0

Warning: This is a simple server for use in testing or debugging Angular applications
locally. It hasn't been reviewed for security issues.

Binding this server to an open connection can result in compromising your application or
computer. Using a different host than the one passed to the "--host" flag might result in
websocket connection issues.
    
 [1mPort 4200 is already in use.
Would you like to use a different port?[22m [2m(Y/n)[22m[47Gnode:events:485
      throw er; // Unhandled 'error' event
      ^

Error: EBADF: bad file descriptor, read
Emitted 'error' event on Interface instance at:
    at ReadStream.onerror (node:internal/readline/interface:272:10)
    at ReadStream.emit (node:events:507:28)
    at emitErrorNT (node:internal/streams/destroy:170:8)
    at errorOrDestroy (node:internal/streams/destroy:239:7)
    at node:internal/fs/streams:272:9
    at FSReqCallback.wrapper [as oncomplete] (node:fs:663:5) {
  errno: -9,
  code: 'EBADF',
  syscall: 'read'
}

Node.js v24.1.0

Warning: This is a simple server for use in testing or debugging Angular applications
locally. It hasn't been reviewed for security issues.

Binding this server to an open connection can result in compromising your application or
computer. Using a different host than the one passed to the "--host" flag might result in
websocket connection issues.
    
 [1mPort 4200 is already in use.
Would you like to use a different port?[22m [2m(Y/n)[22m[47Gnode:events:485
      throw er; // Unhandled 'error' event
      ^

Error: EBADF: bad file descriptor, read
Emitted 'error' event on Interface instance at:
    at ReadStream.onerror (node:internal/readline/interface:272:10)
    at ReadStream.emit (node:events:507:28)
    at emitErrorNT (node:internal/streams/destroy:170:8)
    at errorOrDestroy (node:internal/streams/destroy:239:7)
    at node:internal/fs/streams:272:9
    at FSReqCallback.wrapper [as oncomplete] (node:fs:663:5) {
  errno: -9,
  code: 'EBADF',
  syscall: 'read'
}

Node.js v24.1.0

Warning: This is a simple server for use in testing or debugging Angular applications
locally. It hasn't been reviewed for security issues.

Binding this server to an open connection can result in compromising your application or
computer. Using a different host than the one passed to the "--host" flag might result in
websocket connection issues.
    
❯ Building...
✔ Building...
Browser bundles     
Initial chunk files  | Names                  |  Raw size
main.js              | main                   |  50.13 kB | 
styles.css           | styles                 |   8.03 kB | 
chunk-6BTHOFVS.js    | -                      |   4.08 kB | 
polyfills.js         | polyfills              |  95 bytes | 

                     | Initial total          |  62.33 kB

Lazy chunk files     | Names                  |  Raw size
chunk-EOFCSDZO.js    | non-admin-pages-module |  73.25 kB | 
chunk-56L2ZFKZ.js    | admin-pages-module     |  72.61 kB | 


Server bundles      
Initial chunk files  | Names                  |  Raw size
main.server.mjs      | main.server            |  51.34 kB | 
chunk-RZLJ6I6E.mjs   | -                      |   4.11 kB | 
server.mjs           | server                 |   1.79 kB | 
polyfills.server.mjs | polyfills.server       | 266 bytes | 

Lazy chunk files     | Names                  |  Raw size
chunk-PF62SCHS.mjs   | non-admin-pages-module |  73.29 kB | 
chunk-2U4U2WPY.mjs   | admin-pages-module     |  72.65 kB | 

Application bundle generation complete. [4.654 seconds]

[33m▲ [43;33m[[43;30mWARNING[43;33m][0m [1mDeprecation[0m [1m[35m[plugin angular-sass][0m

    src/styles.scss:2:8:
[37m      2 │ @import [32m[37m'./variables.scss';
        ╵         [32m^[0m


  Sass @import rules are deprecated and will be removed in Dart Sass 3.0.0.
  
  More info and automated migrator: [4mhttps://sass-lang.com/d/import[0m

  The plugin "angular-sass" was triggered by this import

    angular:styles/global:styles:2:8:
[37m      2 │ @import [32m'src/styles.scss'[37m;
        ╵         [32m~~~~~~~~~~~~~~~~~[0m


Watch mode enabled. Watching for file changes...
NOTE: Raw file sizes do not reflect development server per-request transformations.
  ➜  Local:   http://localhost:4200/
  ➜  Network: http://172.31.8.63:4200/

Warning: This is a simple server for use in testing or debugging Angular applications
locally. It hasn't been reviewed for security issues.

Binding this server to an open connection can result in compromising your application or
computer. Using a different host than the one passed to the "--host" flag might result in
websocket connection issues.
    
 [1mPort 4200 is already in use.
Would you like to use a different port?[22m [2m(Y/n)[22m[47Gnode:events:485
      throw er; // Unhandled 'error' event
      ^

Error: EBADF: bad file descriptor, read
Emitted 'error' event on Interface instance at:
    at ReadStream.onerror (node:internal/readline/interface:272:10)
    at ReadStream.emit (node:events:507:28)
    at emitErrorNT (node:internal/streams/destroy:170:8)
    at errorOrDestroy (node:internal/streams/destroy:239:7)
    at node:internal/fs/streams:272:9
    at FSReqCallback.wrapper [as oncomplete] (node:fs:663:5) {
  errno: -9,
  code: 'EBADF',
  syscall: 'read'
}

Node.js v24.1.0
❯ Changes detected. Rebuilding...
✔ Changes detected. Rebuilding...
Browser bundles    
Initial chunk files | Names              | Raw size
main.js             | main               | 50.13 kB | 

Lazy chunk files    | Names              | Raw size
chunk-3UBBJZXD.js   | admin-pages-module | 72.64 kB | 


Server bundles     
Initial chunk files | Names              | Raw size
main.server.mjs     | main.server        | 51.34 kB | 

Lazy chunk files    | Names              | Raw size
chunk-KKXGNKYT.mjs  | admin-pages-module | 72.67 kB | 

Application bundle generation complete. [1.337 seconds]

[33m▲ [43;33m[[43;30mWARNING[43;33m][0m [1mDeprecation[0m [1m[35m[plugin angular-sass][0m

    src/styles.scss:2:8:
[37m      2 │ @import [32m[37m'./variables.scss';
        ╵         [32m^[0m


  Sass @import rules are deprecated and will be removed in Dart Sass 3.0.0.
  
  More info and automated migrator: [4mhttps://sass-lang.com/d/import[0m

  The plugin "angular-sass" was triggered by this import

    angular:styles/global:styles:2:8:
[37m      2 │ @import [32m'src/styles.scss'[37m;
        ╵         [32m~~~~~~~~~~~~~~~~~[0m


Page reload sent to client(s).

Warning: This is a simple server for use in testing or debugging Angular applications
locally. It hasn't been reviewed for security issues.

Binding this server to an open connection can result in compromising your application or
computer. Using a different host than the one passed to the "--host" flag might result in
websocket connection issues.
    
❯ Building...
✔ Building...
Browser bundles     
Initial chunk files  | Names                  |  Raw size
main.js              | main                   |  50.13 kB | 
styles.css           | styles                 |   8.03 kB | 
chunk-6BTHOFVS.js    | -                      |   4.08 kB | 
polyfills.js         | polyfills              |  95 bytes | 

                     | Initial total          |  62.33 kB

Lazy chunk files     | Names                  |  Raw size
chunk-EOFCSDZO.js    | non-admin-pages-module |  73.25 kB | 
chunk-3UBBJZXD.js    | admin-pages-module     |  72.64 kB | 


Server bundles      
Initial chunk files  | Names                  |  Raw size
main.server.mjs      | main.server            |  51.34 kB | 
chunk-RZLJ6I6E.mjs   | -                      |   4.11 kB | 
server.mjs           | server                 |   1.79 kB | 
polyfills.server.mjs | polyfills.server       | 266 bytes | 

Lazy chunk files     | Names                  |  Raw size
chunk-PF62SCHS.mjs   | non-admin-pages-module |  73.29 kB | 
chunk-KKXGNKYT.mjs   | admin-pages-module     |  72.67 kB | 

Application bundle generation complete. [4.516 seconds]

[33m▲ [43;33m[[43;30mWARNING[43;33m][0m [1mDeprecation[0m [1m[35m[plugin angular-sass][0m

    src/styles.scss:2:8:
[37m      2 │ @import [32m[37m'./variables.scss';
        ╵         [32m^[0m


  Sass @import rules are deprecated and will be removed in Dart Sass 3.0.0.
  
  More info and automated migrator: [4mhttps://sass-lang.com/d/import[0m

  The plugin "angular-sass" was triggered by this import

    angular:styles/global:styles:2:8:
[37m      2 │ @import [32m'src/styles.scss'[37m;
        ╵         [32m~~~~~~~~~~~~~~~~~[0m


Watch mode enabled. Watching for file changes...
NOTE: Raw file sizes do not reflect development server per-request transformations.
  ➜  Local:   http://localhost:4200/
  ➜  Network: http://172.31.8.63:4200/

Warning: This is a simple server for use in testing or debugging Angular applications
locally. It hasn't been reviewed for security issues.

Binding this server to an open connection can result in compromising your application or
computer. Using a different host than the one passed to the "--host" flag might result in
websocket connection issues.
    
 [1mPort 4200 is already in use.
Would you like to use a different port?[22m [2m(Y/n)[22m[47Gnode:events:485
      throw er; // Unhandled 'error' event
      ^

Error: EBADF: bad file descriptor, read
Emitted 'error' event on Interface instance at:
    at ReadStream.onerror (node:internal/readline/interface:272:10)
    at ReadStream.emit (node:events:507:28)
    at emitErrorNT (node:internal/streams/destroy:170:8)
    at errorOrDestroy (node:internal/streams/destroy:239:7)
    at node:internal/fs/streams:272:9
    at FSReqCallback.wrapper [as oncomplete] (node:fs:663:5) {
  errno: -9,
  code: 'EBADF',
  syscall: 'read'
}

Node.js v24.1.0
❯ Changes detected. Rebuilding...
✔ Changes detected. Rebuilding...
Browser bundles    
Initial chunk files | Names              | Raw size
main.js             | main               | 50.13 kB | 

Lazy chunk files    | Names              | Raw size
chunk-4XMWIPQ2.js   | admin-pages-module | 72.64 kB | 


Server bundles     
Initial chunk files | Names              | Raw size
main.server.mjs     | main.server        | 51.34 kB | 

Lazy chunk files    | Names              | Raw size
chunk-6VX3GQI2.mjs  | admin-pages-module | 72.67 kB | 

Application bundle generation complete. [1.429 seconds]

[33m▲ [43;33m[[43;30mWARNING[43;33m][0m [1mDeprecation[0m [1m[35m[plugin angular-sass][0m

    src/styles.scss:2:8:
[37m      2 │ @import [32m[37m'./variables.scss';
        ╵         [32m^[0m


  Sass @import rules are deprecated and will be removed in Dart Sass 3.0.0.
  
  More info and automated migrator: [4mhttps://sass-lang.com/d/import[0m

  The plugin "angular-sass" was triggered by this import

    angular:styles/global:styles:2:8:
[37m      2 │ @import [32m'src/styles.scss'[37m;
        ╵         [32m~~~~~~~~~~~~~~~~~[0m


Component update sent to client(s).
❯ Changes detected. Rebuilding...
✔ Changes detected. Rebuilding...
Application bundle generation failed. [0.535 seconds]

[33m▲ [43;33m[[43;30mWARNING[43;33m][0m [1mDeprecation[0m [1m[35m[plugin angular-sass][0m

    src/styles.scss:2:8:
[37m      2 │ @import [32m[37m'./variables.scss';
        ╵         [32m^[0m


  Sass @import rules are deprecated and will be removed in Dart Sass 3.0.0.
  
  More info and automated migrator: [4mhttps://sass-lang.com/d/import[0m

  The plugin "angular-sass" was triggered by this import

    angular:styles/global:styles:2:8:
[37m      2 │ @import [32m'src/styles.scss'[37m;
        ╵         [32m~~~~~~~~~~~~~~~~~[0m


[31m✘ [41;31m[[41;97mERROR[41;31m][0m [1mNG5002: Opening tag "table" not terminated.[0m [1m[35m[plugin angular-compiler][0m

    src/app/pages/adminPages/asc-user/asc-user.html:60:2:
[37m      60 │   [32m<table mat-table [dataSource]="paginatedUsers" class="mat-elevat[37m...
         ╵   [32m~~~~~~~~~~~~~~~~~~~~~~~~~~~~~~~~~~~~~~~~~~~~~~~~~~~~~~~~~~~~~~~~[0m

  Error occurs in the template of component AscUser.

    src/app/pages/adminPages/asc-user/asc-user.ts:16:15:
[37m      16 │   templateUrl: [32m'./asc-user.html'[37m,
         ╵                [32m~~~~~~~~~~~~~~~~~[0m


[31m✘ [41;31m[[41;97mERROR[41;31m][0m [1mNG5002: Unexpected closing tag "table". It may happen when the tag has already been closed by another tag. For more info see https://www.w3.org/TR/html5/syntax.html#closing-elements-that-have-implied-end-tags[0m [1m[35m[plugin angular-compiler][0m

    src/app/pages/adminPages/asc-user/asc-user.html:96:2:
[37m      96 │   [32m</table>[37m
         ╵   [32m~~~~~~~~[0m

  Error occurs in the template of component AscUser.

    src/app/pages/adminPages/asc-user/asc-user.ts:16:15:
[37m      16 │   templateUrl: [32m'./asc-user.html'[37m,
         ╵                [32m~~~~~~~~~~~~~~~~~[0m


❯ Changes detected. Rebuilding...
✔ Changes detected. Rebuilding...
Browser bundles     
Initial chunk files  | Names                  |  Raw size
main.js              | main                   |  50.13 kB | 
styles.css           | styles                 |   8.03 kB | 
chunk-6BTHOFVS.js    | -                      |   4.08 kB | 
polyfills.js         | polyfills              |  95 bytes | 

                     | Initial total          |  62.33 kB

Lazy chunk files     | Names                  |  Raw size
chunk-EOFCSDZO.js    | non-admin-pages-module |  73.25 kB | 
chunk-U52WTULF.js    | admin-pages-module     |  72.68 kB | 


Server bundles      
Initial chunk files  | Names                  |  Raw size
main.server.mjs      | main.server            |  51.34 kB | 
chunk-RZLJ6I6E.mjs   | -                      |   4.11 kB | 
server.mjs           | server                 |   1.79 kB | 
polyfills.server.mjs | polyfills.server       | 266 bytes | 

Lazy chunk files     | Names                  |  Raw size
chunk-PF62SCHS.mjs   | non-admin-pages-module |  73.29 kB | 
chunk-GLZTE4KS.mjs   | admin-pages-module     |  72.72 kB | 

Application bundle generation complete. [0.461 seconds]

[33m▲ [43;33m[[43;30mWARNING[43;33m][0m [1mDeprecation[0m [1m[35m[plugin angular-sass][0m

    src/styles.scss:2:8:
[37m      2 │ @import [32m[37m'./variables.scss';
        ╵         [32m^[0m


  Sass @import rules are deprecated and will be removed in Dart Sass 3.0.0.
  
  More info and automated migrator: [4mhttps://sass-lang.com/d/import[0m

  The plugin "angular-sass" was triggered by this import

    angular:styles/global:styles:2:8:
[37m      2 │ @import [32m'src/styles.scss'[37m;
        ╵         [32m~~~~~~~~~~~~~~~~~[0m


Page reload sent to client(s).
❯ Changes detected. Rebuilding...
✔ Changes detected. Rebuilding...
Browser bundles    
Initial chunk files | Names              | Raw size
main.js             | main               | 50.13 kB | 

Lazy chunk files    | Names              | Raw size
chunk-D2PPEN4K.js   | admin-pages-module | 72.68 kB | 


Server bundles     
Initial chunk files | Names              | Raw size
main.server.mjs     | main.server        | 51.34 kB | 

Lazy chunk files    | Names              | Raw size
chunk-R3LT5A7L.mjs  | admin-pages-module | 72.72 kB | 

Application bundle generation complete. [0.579 seconds]

[33m▲ [43;33m[[43;30mWARNING[43;33m][0m [1mDeprecation[0m [1m[35m[plugin angular-sass][0m

    src/styles.scss:2:8:
[37m      2 │ @import [32m[37m'./variables.scss';
        ╵         [32m^[0m


  Sass @import rules are deprecated and will be removed in Dart Sass 3.0.0.
  
  More info and automated migrator: [4mhttps://sass-lang.com/d/import[0m

  The plugin "angular-sass" was triggered by this import

    angular:styles/global:styles:2:8:
[37m      2 │ @import [32m'src/styles.scss'[37m;
        ╵         [32m~~~~~~~~~~~~~~~~~[0m


Component update sent to client(s).
❯ Changes detected. Rebuilding...
✔ Changes detected. Rebuilding...
Browser bundles    
Initial chunk files | Names              | Raw size
main.js             | main               | 50.13 kB | 

Lazy chunk files    | Names              | Raw size
chunk-VD2D5I2M.js   | admin-pages-module | 72.69 kB | 


Server bundles     
Initial chunk files | Names              | Raw size
main.server.mjs     | main.server        | 51.34 kB | 

Lazy chunk files    | Names              | Raw size
chunk-USROXVML.mjs  | admin-pages-module | 72.72 kB | 

Application bundle generation complete. [0.354 seconds]

[33m▲ [43;33m[[43;30mWARNING[43;33m][0m [1mDeprecation[0m [1m[35m[plugin angular-sass][0m

    src/styles.scss:2:8:
[37m      2 │ @import [32m[37m'./variables.scss';
        ╵         [32m^[0m


  Sass @import rules are deprecated and will be removed in Dart Sass 3.0.0.
  
  More info and automated migrator: [4mhttps://sass-lang.com/d/import[0m

  The plugin "angular-sass" was triggered by this import

    angular:styles/global:styles:2:8:
[37m      2 │ @import [32m'src/styles.scss'[37m;
        ╵         [32m~~~~~~~~~~~~~~~~~[0m


Component update sent to client(s).
❯ Changes detected. Rebuilding...
✔ Changes detected. Rebuilding...
Browser bundles    
Initial chunk files | Names              | Raw size
main.js             | main               | 50.13 kB | 

Lazy chunk files    | Names              | Raw size
chunk-WB434WIL.js   | admin-pages-module | 72.68 kB | 


Server bundles     
Initial chunk files | Names              | Raw size
main.server.mjs     | main.server        | 51.34 kB | 

Lazy chunk files    | Names              | Raw size
chunk-RQW4X7S3.mjs  | admin-pages-module | 72.72 kB | 

Application bundle generation complete. [0.412 seconds]

[33m▲ [43;33m[[43;30mWARNING[43;33m][0m [1mDeprecation[0m [1m[35m[plugin angular-sass][0m

    src/styles.scss:2:8:
[37m      2 │ @import [32m[37m'./variables.scss';
        ╵         [32m^[0m


  Sass @import rules are deprecated and will be removed in Dart Sass 3.0.0.
  
  More info and automated migrator: [4mhttps://sass-lang.com/d/import[0m

  The plugin "angular-sass" was triggered by this import

    angular:styles/global:styles:2:8:
[37m      2 │ @import [32m'src/styles.scss'[37m;
        ╵         [32m~~~~~~~~~~~~~~~~~[0m


Component update sent to client(s).
❯ Changes detected. Rebuilding...
✔ Changes detected. Rebuilding...
Browser bundles    
Initial chunk files | Names              | Raw size
main.js             | main               | 50.13 kB | 

Lazy chunk files    | Names              | Raw size
chunk-6XCIXTJG.js   | admin-pages-module | 72.69 kB | 


Server bundles     
Initial chunk files | Names              | Raw size
main.server.mjs     | main.server        | 51.34 kB | 

Lazy chunk files    | Names              | Raw size
chunk-AYAQR7GT.mjs  | admin-pages-module | 72.72 kB | 

Application bundle generation complete. [0.360 seconds]

[33m▲ [43;33m[[43;30mWARNING[43;33m][0m [1mDeprecation[0m [1m[35m[plugin angular-sass][0m

    src/styles.scss:2:8:
[37m      2 │ @import [32m[37m'./variables.scss';
        ╵         [32m^[0m


  Sass @import rules are deprecated and will be removed in Dart Sass 3.0.0.
  
  More info and automated migrator: [4mhttps://sass-lang.com/d/import[0m

  The plugin "angular-sass" was triggered by this import

    angular:styles/global:styles:2:8:
[37m      2 │ @import [32m'src/styles.scss'[37m;
        ╵         [32m~~~~~~~~~~~~~~~~~[0m


Component update sent to client(s).
❯ Changes detected. Rebuilding...
✔ Changes detected. Rebuilding...
Browser bundles    
Initial chunk files | Names              | Raw size
main.js             | main               | 50.13 kB | 

Lazy chunk files    | Names              | Raw size
chunk-IF4E2PLE.js   | admin-pages-module | 72.68 kB | 


Server bundles     
Initial chunk files | Names              | Raw size
main.server.mjs     | main.server        | 51.34 kB | 

Lazy chunk files    | Names              | Raw size
chunk-7RBMZQAE.mjs  | admin-pages-module | 72.72 kB | 

Application bundle generation complete. [0.534 seconds]

[33m▲ [43;33m[[43;30mWARNING[43;33m][0m [1mDeprecation[0m [1m[35m[plugin angular-sass][0m

    src/styles.scss:2:8:
[37m      2 │ @import [32m[37m'./variables.scss';
        ╵         [32m^[0m


  Sass @import rules are deprecated and will be removed in Dart Sass 3.0.0.
  
  More info and automated migrator: [4mhttps://sass-lang.com/d/import[0m

  The plugin "angular-sass" was triggered by this import

    angular:styles/global:styles:2:8:
[37m      2 │ @import [32m'src/styles.scss'[37m;
        ╵         [32m~~~~~~~~~~~~~~~~~[0m


Component update sent to client(s).
❯ Changes detected. Rebuilding...
✔ Changes detected. Rebuilding...
Browser bundles    
Initial chunk files | Names              | Raw size
main.js             | main               | 50.13 kB | 

Lazy chunk files    | Names              | Raw size
chunk-NDHKCHQ2.js   | admin-pages-module | 72.69 kB | 


Server bundles     
Initial chunk files | Names              | Raw size
main.server.mjs     | main.server        | 51.34 kB | 

Lazy chunk files    | Names              | Raw size
chunk-MY6M6UYW.mjs  | admin-pages-module | 72.72 kB | 

Application bundle generation complete. [0.380 seconds]

[33m▲ [43;33m[[43;30mWARNING[43;33m][0m [1mDeprecation[0m [1m[35m[plugin angular-sass][0m

    src/styles.scss:2:8:
[37m      2 │ @import [32m[37m'./variables.scss';
        ╵         [32m^[0m


  Sass @import rules are deprecated and will be removed in Dart Sass 3.0.0.
  
  More info and automated migrator: [4mhttps://sass-lang.com/d/import[0m

  The plugin "angular-sass" was triggered by this import

    angular:styles/global:styles:2:8:
[37m      2 │ @import [32m'src/styles.scss'[37m;
        ╵         [32m~~~~~~~~~~~~~~~~~[0m


Component update sent to client(s).
❯ Changes detected. Rebuilding...
✔ Changes detected. Rebuilding...
Browser bundles    
Initial chunk files | Names              | Raw size
main.js             | main               | 50.13 kB | 

Lazy chunk files    | Names              | Raw size
chunk-2KRRXVV5.js   | admin-pages-module | 72.68 kB | 


Server bundles     
Initial chunk files | Names              | Raw size
main.server.mjs     | main.server        | 51.34 kB | 

Lazy chunk files    | Names              | Raw size
chunk-ICWMUDS4.mjs  | admin-pages-module | 72.72 kB | 

Application bundle generation complete. [0.372 seconds]

[33m▲ [43;33m[[43;30mWARNING[43;33m][0m [1mDeprecation[0m [1m[35m[plugin angular-sass][0m

    src/styles.scss:2:8:
[37m      2 │ @import [32m[37m'./variables.scss';
        ╵         [32m^[0m


  Sass @import rules are deprecated and will be removed in Dart Sass 3.0.0.
  
  More info and automated migrator: [4mhttps://sass-lang.com/d/import[0m

  The plugin "angular-sass" was triggered by this import

    angular:styles/global:styles:2:8:
[37m      2 │ @import [32m'src/styles.scss'[37m;
        ╵         [32m~~~~~~~~~~~~~~~~~[0m


Component update sent to client(s).
❯ Changes detected. Rebuilding...
✔ Changes detected. Rebuilding...
Browser bundles    
Initial chunk files | Names              | Raw size
main.js             | main               | 50.13 kB | 

Lazy chunk files    | Names              | Raw size
chunk-OVNCDJKB.js   | admin-pages-module | 72.69 kB | 


Server bundles     
Initial chunk files | Names              | Raw size
main.server.mjs     | main.server        | 51.34 kB | 

Lazy chunk files    | Names              | Raw size
chunk-I3ICAYV6.mjs  | admin-pages-module | 72.72 kB | 

Application bundle generation complete. [0.345 seconds]

[33m▲ [43;33m[[43;30mWARNING[43;33m][0m [1mDeprecation[0m [1m[35m[plugin angular-sass][0m

    src/styles.scss:2:8:
[37m      2 │ @import [32m[37m'./variables.scss';
        ╵         [32m^[0m


  Sass @import rules are deprecated and will be removed in Dart Sass 3.0.0.
  
  More info and automated migrator: [4mhttps://sass-lang.com/d/import[0m

  The plugin "angular-sass" was triggered by this import

    angular:styles/global:styles:2:8:
[37m      2 │ @import [32m'src/styles.scss'[37m;
        ╵         [32m~~~~~~~~~~~~~~~~~[0m


Component update sent to client(s).
❯ Changes detected. Rebuilding...
✔ Changes detected. Rebuilding...
Browser bundles    
Initial chunk files | Names              | Raw size
main.js             | main               | 50.13 kB | 

Lazy chunk files    | Names              | Raw size
chunk-VA4EA666.js   | admin-pages-module | 72.68 kB | 


Server bundles     
Initial chunk files | Names              | Raw size
main.server.mjs     | main.server        | 51.34 kB | 

Lazy chunk files    | Names              | Raw size
chunk-7BROVQ32.mjs  | admin-pages-module | 72.72 kB | 

Application bundle generation complete. [0.491 seconds]

[33m▲ [43;33m[[43;30mWARNING[43;33m][0m [1mDeprecation[0m [1m[35m[plugin angular-sass][0m

    src/styles.scss:2:8:
[37m      2 │ @import [32m[37m'./variables.scss';
        ╵         [32m^[0m


  Sass @import rules are deprecated and will be removed in Dart Sass 3.0.0.
  
  More info and automated migrator: [4mhttps://sass-lang.com/d/import[0m

  The plugin "angular-sass" was triggered by this import

    angular:styles/global:styles:2:8:
[37m      2 │ @import [32m'src/styles.scss'[37m;
        ╵         [32m~~~~~~~~~~~~~~~~~[0m


Component update sent to client(s).
❯ Changes detected. Rebuilding...
✔ Changes detected. Rebuilding...
Browser bundles    
Initial chunk files | Names              | Raw size
main.js             | main               | 50.13 kB | 

Lazy chunk files    | Names              | Raw size
chunk-7ULF6KH2.js   | admin-pages-module | 72.68 kB | 


Server bundles     
Initial chunk files | Names              | Raw size
main.server.mjs     | main.server        | 51.34 kB | 

Lazy chunk files    | Names              | Raw size
chunk-NMZZDXPT.mjs  | admin-pages-module | 72.72 kB | 

Application bundle generation complete. [0.446 seconds]

[33m▲ [43;33m[[43;30mWARNING[43;33m][0m [1mDeprecation[0m [1m[35m[plugin angular-sass][0m

    src/styles.scss:2:8:
[37m      2 │ @import [32m[37m'./variables.scss';
        ╵         [32m^[0m


  Sass @import rules are deprecated and will be removed in Dart Sass 3.0.0.
  
  More info and automated migrator: [4mhttps://sass-lang.com/d/import[0m

  The plugin "angular-sass" was triggered by this import

    angular:styles/global:styles:2:8:
[37m      2 │ @import [32m'src/styles.scss'[37m;
        ╵         [32m~~~~~~~~~~~~~~~~~[0m


Component update sent to client(s).
❯ Changes detected. Rebuilding...
✔ Changes detected. Rebuilding...
Browser bundles    
Initial chunk files | Names              | Raw size
main.js             | main               | 50.13 kB | 

Lazy chunk files    | Names              | Raw size
chunk-VETMSEGP.js   | admin-pages-module | 72.78 kB | 


Server bundles     
Initial chunk files | Names              | Raw size
main.server.mjs     | main.server        | 51.34 kB | 

Lazy chunk files    | Names              | Raw size
chunk-VFTD2WEX.mjs  | admin-pages-module | 72.81 kB | 

Application bundle generation complete. [0.571 seconds]

[33m▲ [43;33m[[43;30mWARNING[43;33m][0m [1mDeprecation[0m [1m[35m[plugin angular-sass][0m

    src/styles.scss:2:8:
[37m      2 │ @import [32m[37m'./variables.scss';
        ╵         [32m^[0m


  Sass @import rules are deprecated and will be removed in Dart Sass 3.0.0.
  
  More info and automated migrator: [4mhttps://sass-lang.com/d/import[0m

  The plugin "angular-sass" was triggered by this import

    angular:styles/global:styles:2:8:
[37m      2 │ @import [32m'src/styles.scss'[37m;
        ╵         [32m~~~~~~~~~~~~~~~~~[0m


Component update sent to client(s).
❯ Changes detected. Rebuilding...
✔ Changes detected. Rebuilding...
Browser bundles    
Initial chunk files | Names              | Raw size
main.js             | main               | 50.13 kB | 

Lazy chunk files    | Names              | Raw size
chunk-VLUI37MW.js   | admin-pages-module | 72.78 kB | 


Server bundles     
Initial chunk files | Names              | Raw size
main.server.mjs     | main.server        | 51.34 kB | 

Lazy chunk files    | Names              | Raw size
chunk-DZMCFC6X.mjs  | admin-pages-module | 72.81 kB | 

Application bundle generation complete. [0.390 seconds]

[33m▲ [43;33m[[43;30mWARNING[43;33m][0m [1mDeprecation[0m [1m[35m[plugin angular-sass][0m

    src/styles.scss:2:8:
[37m      2 │ @import [32m[37m'./variables.scss';
        ╵         [32m^[0m


  Sass @import rules are deprecated and will be removed in Dart Sass 3.0.0.
  
  More info and automated migrator: [4mhttps://sass-lang.com/d/import[0m

  The plugin "angular-sass" was triggered by this import

    angular:styles/global:styles:2:8:
[37m      2 │ @import [32m'src/styles.scss'[37m;
        ╵         [32m~~~~~~~~~~~~~~~~~[0m


Component update sent to client(s).
❯ Changes detected. Rebuilding...
✔ Changes detected. Rebuilding...
Browser bundles    
Initial chunk files | Names       | Raw size
main.js             | main        | 52.31 kB | 


Server bundles     
Initial chunk files | Names       | Raw size
main.server.mjs     | main.server | 53.52 kB | 

Application bundle generation complete. [0.404 seconds]

[33m▲ [43;33m[[43;30mWARNING[43;33m][0m [1mDeprecation[0m [1m[35m[plugin angular-sass][0m

    src/styles.scss:2:8:
[37m      2 │ @import [32m[37m'./variables.scss';
        ╵         [32m^[0m


  Sass @import rules are deprecated and will be removed in Dart Sass 3.0.0.
  
  More info and automated migrator: [4mhttps://sass-lang.com/d/import[0m

  The plugin "angular-sass" was triggered by this import

    angular:styles/global:styles:2:8:
[37m      2 │ @import [32m'src/styles.scss'[37m;
        ╵         [32m~~~~~~~~~~~~~~~~~[0m


Component update sent to client(s).

Warning: This is a simple server for use in testing or debugging Angular applications
locally. It hasn't been reviewed for security issues.

Binding this server to an open connection can result in compromising your application or
computer. Using a different host than the one passed to the "--host" flag might result in
websocket connection issues.
    
❯ Building...
✔ Building...
Browser bundles     
Initial chunk files  | Names                  |  Raw size
main.js              | main                   |  52.31 kB | 
styles.css           | styles                 |   8.03 kB | 
chunk-6BTHOFVS.js    | -                      |   4.08 kB | 
polyfills.js         | polyfills              |  95 bytes | 

                     | Initial total          |  64.51 kB

Lazy chunk files     | Names                  |  Raw size
chunk-EOFCSDZO.js    | non-admin-pages-module |  73.25 kB | 
chunk-VLUI37MW.js    | admin-pages-module     |  72.78 kB | 


Server bundles      
Initial chunk files  | Names                  |  Raw size
main.server.mjs      | main.server            |  53.52 kB | 
chunk-RZLJ6I6E.mjs   | -                      |   4.11 kB | 
server.mjs           | server                 |   1.79 kB | 
polyfills.server.mjs | polyfills.server       | 266 bytes | 

Lazy chunk files     | Names                  |  Raw size
chunk-PF62SCHS.mjs   | non-admin-pages-module |  73.29 kB | 
chunk-DZMCFC6X.mjs   | admin-pages-module     |  72.81 kB | 

Application bundle generation complete. [4.759 seconds]

[33m▲ [43;33m[[43;30mWARNING[43;33m][0m [1mDeprecation[0m [1m[35m[plugin angular-sass][0m

    src/styles.scss:2:8:
[37m      2 │ @import [32m[37m'./variables.scss';
        ╵         [32m^[0m


  Sass @import rules are deprecated and will be removed in Dart Sass 3.0.0.
  
  More info and automated migrator: [4mhttps://sass-lang.com/d/import[0m

  The plugin "angular-sass" was triggered by this import

    angular:styles/global:styles:2:8:
[37m      2 │ @import [32m'src/styles.scss'[37m;
        ╵         [32m~~~~~~~~~~~~~~~~~[0m


Watch mode enabled. Watching for file changes...
NOTE: Raw file sizes do not reflect development server per-request transformations.
  ➜  Local:   http://localhost:4200/
  ➜  Network: http://172.31.8.63:4200/

Warning: This is a simple server for use in testing or debugging Angular applications
locally. It hasn't been reviewed for security issues.

Binding this server to an open connection can result in compromising your application or
computer. Using a different host than the one passed to the "--host" flag might result in
websocket connection issues.
    
❯ Building...
✔ Building...
Browser bundles     
Initial chunk files  | Names                  |  Raw size
main.js              | main                   |  52.31 kB | 
styles.css           | styles                 |   8.03 kB | 
chunk-6BTHOFVS.js    | -                      |   4.08 kB | 
polyfills.js         | polyfills              |  95 bytes | 

                     | Initial total          |  64.51 kB

Lazy chunk files     | Names                  |  Raw size
chunk-EOFCSDZO.js    | non-admin-pages-module |  73.25 kB | 
chunk-VLUI37MW.js    | admin-pages-module     |  72.78 kB | 


Server bundles      
Initial chunk files  | Names                  |  Raw size
main.server.mjs      | main.server            |  53.52 kB | 
chunk-RZLJ6I6E.mjs   | -                      |   4.11 kB | 
server.mjs           | server                 |   1.79 kB | 
polyfills.server.mjs | polyfills.server       | 266 bytes | 

Lazy chunk files     | Names                  |  Raw size
chunk-PF62SCHS.mjs   | non-admin-pages-module |  73.29 kB | 
chunk-DZMCFC6X.mjs   | admin-pages-module     |  72.81 kB | 

Application bundle generation complete. [4.754 seconds]

[33m▲ [43;33m[[43;30mWARNING[43;33m][0m [1mDeprecation[0m [1m[35m[plugin angular-sass][0m

    src/styles.scss:2:8:
[37m      2 │ @import [32m[37m'./variables.scss';
        ╵         [32m^[0m


  Sass @import rules are deprecated and will be removed in Dart Sass 3.0.0.
  
  More info and automated migrator: [4mhttps://sass-lang.com/d/import[0m

  The plugin "angular-sass" was triggered by this import

    angular:styles/global:styles:2:8:
[37m      2 │ @import [32m'src/styles.scss'[37m;
        ╵         [32m~~~~~~~~~~~~~~~~~[0m


Watch mode enabled. Watching for file changes...
NOTE: Raw file sizes do not reflect development server per-request transformations.
  ➜  Local:   http://localhost:4200/
  ➜  Network: http://172.31.8.63:4200/

Warning: This is a simple server for use in testing or debugging Angular applications
locally. It hasn't been reviewed for security issues.

Binding this server to an open connection can result in compromising your application or
computer. Using a different host than the one passed to the "--host" flag might result in
websocket connection issues.
    
❯ Building...
✔ Building...
Browser bundles     
Initial chunk files  | Names                  |  Raw size
main.js              | main                   |  52.31 kB | 
styles.css           | styles                 |   8.03 kB | 
chunk-6BTHOFVS.js    | -                      |   4.08 kB | 
polyfills.js         | polyfills              |  95 bytes | 

                     | Initial total          |  64.51 kB

Lazy chunk files     | Names                  |  Raw size
chunk-EOFCSDZO.js    | non-admin-pages-module |  73.25 kB | 
chunk-VLUI37MW.js    | admin-pages-module     |  72.78 kB | 


Server bundles      
Initial chunk files  | Names                  |  Raw size
main.server.mjs      | main.server            |  53.52 kB | 
chunk-RZLJ6I6E.mjs   | -                      |   4.11 kB | 
server.mjs           | server                 |   1.79 kB | 
polyfills.server.mjs | polyfills.server       | 266 bytes | 

Lazy chunk files     | Names                  |  Raw size
chunk-PF62SCHS.mjs   | non-admin-pages-module |  73.29 kB | 
chunk-DZMCFC6X.mjs   | admin-pages-module     |  72.81 kB | 

Application bundle generation complete. [4.832 seconds]

[33m▲ [43;33m[[43;30mWARNING[43;33m][0m [1mDeprecation[0m [1m[35m[plugin angular-sass][0m

    src/styles.scss:2:8:
[37m      2 │ @import [32m[37m'./variables.scss';
        ╵         [32m^[0m


  Sass @import rules are deprecated and will be removed in Dart Sass 3.0.0.
  
  More info and automated migrator: [4mhttps://sass-lang.com/d/import[0m

  The plugin "angular-sass" was triggered by this import

    angular:styles/global:styles:2:8:
[37m      2 │ @import [32m'src/styles.scss'[37m;
        ╵         [32m~~~~~~~~~~~~~~~~~[0m


Watch mode enabled. Watching for file changes...
NOTE: Raw file sizes do not reflect development server per-request transformations.
  ➜  Local:   http://localhost:4200/
  ➜  Network: http://172.31.8.63:4200/

Warning: This is a simple server for use in testing or debugging Angular applications
locally. It hasn't been reviewed for security issues.

Binding this server to an open connection can result in compromising your application or
computer. Using a different host than the one passed to the "--host" flag might result in
websocket connection issues.
    
 [1mPort 4200 is already in use.
Would you like to use a different port?[22m [2m(Y/n)[22m[47Gnode:events:485
      throw er; // Unhandled 'error' event
      ^

Error: EBADF: bad file descriptor, read
Emitted 'error' event on Interface instance at:
    at ReadStream.onerror (node:internal/readline/interface:272:10)
    at ReadStream.emit (node:events:507:28)
    at emitErrorNT (node:internal/streams/destroy:170:8)
    at errorOrDestroy (node:internal/streams/destroy:239:7)
    at node:internal/fs/streams:272:9
    at FSReqCallback.wrapper [as oncomplete] (node:fs:663:5) {
  errno: -9,
  code: 'EBADF',
  syscall: 'read'
}

Node.js v24.1.0

Warning: This is a simple server for use in testing or debugging Angular applications
locally. It hasn't been reviewed for security issues.

Binding this server to an open connection can result in compromising your application or
computer. Using a different host than the one passed to the "--host" flag might result in
websocket connection issues.
    
❯ Building...
✔ Building...
Browser bundles     
Initial chunk files  | Names                  |  Raw size
main.js              | main                   |  52.31 kB | 
styles.css           | styles                 |   8.03 kB | 
chunk-6BTHOFVS.js    | -                      |   4.08 kB | 
polyfills.js         | polyfills              |  95 bytes | 

                     | Initial total          |  64.51 kB

Lazy chunk files     | Names                  |  Raw size
chunk-EOFCSDZO.js    | non-admin-pages-module |  73.25 kB | 
chunk-VLUI37MW.js    | admin-pages-module     |  72.78 kB | 


Server bundles      
Initial chunk files  | Names                  |  Raw size
main.server.mjs      | main.server            |  53.52 kB | 
chunk-RZLJ6I6E.mjs   | -                      |   4.11 kB | 
server.mjs           | server                 |   1.79 kB | 
polyfills.server.mjs | polyfills.server       | 266 bytes | 

Lazy chunk files     | Names                  |  Raw size
chunk-PF62SCHS.mjs   | non-admin-pages-module |  73.29 kB | 
chunk-DZMCFC6X.mjs   | admin-pages-module     |  72.81 kB | 

Application bundle generation complete. [4.608 seconds]

[33m▲ [43;33m[[43;30mWARNING[43;33m][0m [1mDeprecation[0m [1m[35m[plugin angular-sass][0m

    src/styles.scss:2:8:
[37m      2 │ @import [32m[37m'./variables.scss';
        ╵         [32m^[0m


  Sass @import rules are deprecated and will be removed in Dart Sass 3.0.0.
  
  More info and automated migrator: [4mhttps://sass-lang.com/d/import[0m

  The plugin "angular-sass" was triggered by this import

    angular:styles/global:styles:2:8:
[37m      2 │ @import [32m'src/styles.scss'[37m;
        ╵         [32m~~~~~~~~~~~~~~~~~[0m


Watch mode enabled. Watching for file changes...
NOTE: Raw file sizes do not reflect development server per-request transformations.
  ➜  Local:   http://localhost:4200/
  ➜  Network: http://172.31.8.63:4200/

Warning: This is a simple server for use in testing or debugging Angular applications
locally. It hasn't been reviewed for security issues.

Binding this server to an open connection can result in compromising your application or
computer. Using a different host than the one passed to the "--host" flag might result in
websocket connection issues.
    
❯ Building...
✔ Building...
Browser bundles     
Initial chunk files  | Names                  |  Raw size
main.js              | main                   |  52.31 kB | 
styles.css           | styles                 |   8.03 kB | 
chunk-6BTHOFVS.js    | -                      |   4.08 kB | 
polyfills.js         | polyfills              |  95 bytes | 

                     | Initial total          |  64.51 kB

Lazy chunk files     | Names                  |  Raw size
chunk-EOFCSDZO.js    | non-admin-pages-module |  73.25 kB | 
chunk-VLUI37MW.js    | admin-pages-module     |  72.78 kB | 


Server bundles      
Initial chunk files  | Names                  |  Raw size
main.server.mjs      | main.server            |  53.52 kB | 
chunk-RZLJ6I6E.mjs   | -                      |   4.11 kB | 
server.mjs           | server                 |   1.79 kB | 
polyfills.server.mjs | polyfills.server       | 266 bytes | 

Lazy chunk files     | Names                  |  Raw size
chunk-PF62SCHS.mjs   | non-admin-pages-module |  73.29 kB | 
chunk-DZMCFC6X.mjs   | admin-pages-module     |  72.81 kB | 

Application bundle generation complete. [4.938 seconds]

[33m▲ [43;33m[[43;30mWARNING[43;33m][0m [1mDeprecation[0m [1m[35m[plugin angular-sass][0m

    src/styles.scss:2:8:
[37m      2 │ @import [32m[37m'./variables.scss';
        ╵         [32m^[0m


  Sass @import rules are deprecated and will be removed in Dart Sass 3.0.0.
  
  More info and automated migrator: [4mhttps://sass-lang.com/d/import[0m

  The plugin "angular-sass" was triggered by this import

    angular:styles/global:styles:2:8:
[37m      2 │ @import [32m'src/styles.scss'[37m;
        ╵         [32m~~~~~~~~~~~~~~~~~[0m


Watch mode enabled. Watching for file changes...
NOTE: Raw file sizes do not reflect development server per-request transformations.
  ➜  Local:   http://localhost:4200/
  ➜  Network: http://172.31.8.63:4200/

Warning: This is a simple server for use in testing or debugging Angular applications
locally. It hasn't been reviewed for security issues.

Binding this server to an open connection can result in compromising your application or
computer. Using a different host than the one passed to the "--host" flag might result in
websocket connection issues.
    
❯ Building...

Warning: This is a simple server for use in testing or debugging Angular applications
locally. It hasn't been reviewed for security issues.

Binding this server to an open connection can result in compromising your application or
computer. Using a different host than the one passed to the "--host" flag might result in
websocket connection issues.
    
❯ Building...
✔ Building...
Browser bundles     
Initial chunk files  | Names                  |  Raw size
main.js              | main                   |  52.31 kB | 
styles.css           | styles                 |   8.03 kB | 
chunk-6BTHOFVS.js    | -                      |   4.08 kB | 
polyfills.js         | polyfills              |  95 bytes | 

                     | Initial total          |  64.51 kB

Lazy chunk files     | Names                  |  Raw size
chunk-EOFCSDZO.js    | non-admin-pages-module |  73.25 kB | 
chunk-VLUI37MW.js    | admin-pages-module     |  72.78 kB | 


Server bundles      
Initial chunk files  | Names                  |  Raw size
main.server.mjs      | main.server            |  53.52 kB | 
chunk-RZLJ6I6E.mjs   | -                      |   4.11 kB | 
server.mjs           | server                 |   1.79 kB | 
polyfills.server.mjs | polyfills.server       | 266 bytes | 

Lazy chunk files     | Names                  |  Raw size
chunk-PF62SCHS.mjs   | non-admin-pages-module |  73.29 kB | 
chunk-DZMCFC6X.mjs   | admin-pages-module     |  72.81 kB | 

Application bundle generation complete. [6.744 seconds]

[33m▲ [43;33m[[43;30mWARNING[43;33m][0m [1mDeprecation[0m [1m[35m[plugin angular-sass][0m

    src/styles.scss:2:8:
[37m      2 │ @import [32m[37m'./variables.scss';
        ╵         [32m^[0m


  Sass @import rules are deprecated and will be removed in Dart Sass 3.0.0.
  
  More info and automated migrator: [4mhttps://sass-lang.com/d/import[0m

  The plugin "angular-sass" was triggered by this import

    angular:styles/global:styles:2:8:
[37m      2 │ @import [32m'src/styles.scss'[37m;
        ╵         [32m~~~~~~~~~~~~~~~~~[0m


Watch mode enabled. Watching for file changes...
NOTE: Raw file sizes do not reflect development server per-request transformations.
  ➜  Local:   http://localhost:4200/
  ➜  Network: http://172.31.8.63:4200/
✔ Building...
Browser bundles     
Initial chunk files  | Names                  |  Raw size
main.js              | main                   |  52.31 kB | 
styles.css           | styles                 |   8.03 kB | 
chunk-6BTHOFVS.js    | -                      |   4.08 kB | 
polyfills.js         | polyfills              |  95 bytes | 

                     | Initial total          |  64.51 kB

Lazy chunk files     | Names                  |  Raw size
chunk-EOFCSDZO.js    | non-admin-pages-module |  73.25 kB | 
chunk-VLUI37MW.js    | admin-pages-module     |  72.78 kB | 


Server bundles      
Initial chunk files  | Names                  |  Raw size
main.server.mjs      | main.server            |  53.52 kB | 
chunk-RZLJ6I6E.mjs   | -                      |   4.11 kB | 
server.mjs           | server                 |   1.79 kB | 
polyfills.server.mjs | polyfills.server       | 266 bytes | 

Lazy chunk files     | Names                  |  Raw size
chunk-PF62SCHS.mjs   | non-admin-pages-module |  73.29 kB | 
chunk-DZMCFC6X.mjs   | admin-pages-module     |  72.81 kB | 

Application bundle generation complete. [6.088 seconds]

[33m▲ [43;33m[[43;30mWARNING[43;33m][0m [1mDeprecation[0m [1m[35m[plugin angular-sass][0m

    src/styles.scss:2:8:
[37m      2 │ @import [32m[37m'./variables.scss';
        ╵         [32m^[0m


  Sass @import rules are deprecated and will be removed in Dart Sass 3.0.0.
  
  More info and automated migrator: [4mhttps://sass-lang.com/d/import[0m

  The plugin "angular-sass" was triggered by this import

    angular:styles/global:styles:2:8:
[37m      2 │ @import [32m'src/styles.scss'[37m;
        ╵         [32m~~~~~~~~~~~~~~~~~[0m


Watch mode enabled. Watching for file changes...
NOTE: Raw file sizes do not reflect development server per-request transformations.
An unhandled exception occurred: Port 4200 is already in use
See "/tmp/ng-xeqkuO/angular-errors.log" for further details.

Warning: This is a simple server for use in testing or debugging Angular applications
locally. It hasn't been reviewed for security issues.

Binding this server to an open connection can result in compromising your application or
computer. Using a different host than the one passed to the "--host" flag might result in
websocket connection issues.
    
❯ Building...
✔ Building...
Browser bundles     
Initial chunk files  | Names                  |  Raw size
main.js              | main                   |  52.31 kB | 
styles.css           | styles                 |   8.03 kB | 
chunk-6BTHOFVS.js    | -                      |   4.08 kB | 
polyfills.js         | polyfills              |  95 bytes | 

                     | Initial total          |  64.51 kB

Lazy chunk files     | Names                  |  Raw size
chunk-EOFCSDZO.js    | non-admin-pages-module |  73.25 kB | 
chunk-VLUI37MW.js    | admin-pages-module     |  72.78 kB | 


Server bundles      
Initial chunk files  | Names                  |  Raw size
main.server.mjs      | main.server            |  53.52 kB | 
chunk-RZLJ6I6E.mjs   | -                      |   4.11 kB | 
server.mjs           | server                 |   1.79 kB | 
polyfills.server.mjs | polyfills.server       | 266 bytes | 

Lazy chunk files     | Names                  |  Raw size
chunk-PF62SCHS.mjs   | non-admin-pages-module |  73.29 kB | 
chunk-DZMCFC6X.mjs   | admin-pages-module     |  72.81 kB | 

Application bundle generation complete. [4.872 seconds]

[33m▲ [43;33m[[43;30mWARNING[43;33m][0m [1mDeprecation[0m [1m[35m[plugin angular-sass][0m

    src/styles.scss:2:8:
[37m      2 │ @import [32m[37m'./variables.scss';
        ╵         [32m^[0m


  Sass @import rules are deprecated and will be removed in Dart Sass 3.0.0.
  
  More info and automated migrator: [4mhttps://sass-lang.com/d/import[0m

  The plugin "angular-sass" was triggered by this import

    angular:styles/global:styles:2:8:
[37m      2 │ @import [32m'src/styles.scss'[37m;
        ╵         [32m~~~~~~~~~~~~~~~~~[0m


Watch mode enabled. Watching for file changes...
NOTE: Raw file sizes do not reflect development server per-request transformations.
  ➜  Local:   http://localhost:4200/
  ➜  Network: http://172.31.8.63:4200/
❯ Changes detected. Rebuilding...
✔ Changes detected. Rebuilding...
Browser bundles    
Initial chunk files | Names                  | Raw size
main.js             | main                   | 52.31 kB | 

Lazy chunk files    | Names                  | Raw size
chunk-L2UYZEGJ.js   | non-admin-pages-module | 73.49 kB | 


Server bundles     
Initial chunk files | Names                  | Raw size
main.server.mjs     | main.server            | 53.52 kB | 

Lazy chunk files    | Names                  | Raw size
chunk-PFVC52UM.mjs  | non-admin-pages-module | 73.53 kB | 

Application bundle generation complete. [1.361 seconds]

[33m▲ [43;33m[[43;30mWARNING[43;33m][0m [1mDeprecation[0m [1m[35m[plugin angular-sass][0m

    src/styles.scss:2:8:
[37m      2 │ @import [32m[37m'./variables.scss';
        ╵         [32m^[0m


  Sass @import rules are deprecated and will be removed in Dart Sass 3.0.0.
  
  More info and automated migrator: [4mhttps://sass-lang.com/d/import[0m

  The plugin "angular-sass" was triggered by this import

    angular:styles/global:styles:2:8:
[37m      2 │ @import [32m'src/styles.scss'[37m;
        ╵         [32m~~~~~~~~~~~~~~~~~[0m


Page reload sent to client(s).
❯ Changes detected. Rebuilding...
✔ Changes detected. Rebuilding...
Browser bundles    
Initial chunk files | Names                  | Raw size
main.js             | main                   | 52.31 kB | 

Lazy chunk files    | Names                  | Raw size
chunk-SYSRD7YC.js   | non-admin-pages-module | 75.56 kB | 


Server bundles     
Initial chunk files | Names                  | Raw size
main.server.mjs     | main.server            | 53.52 kB | 

Lazy chunk files    | Names                  | Raw size
chunk-CSUNDH5J.mjs  | non-admin-pages-module | 75.60 kB | 

Application bundle generation complete. [0.586 seconds]

[33m▲ [43;33m[[43;30mWARNING[43;33m][0m [1mDeprecation[0m [1m[35m[plugin angular-sass][0m

    src/styles.scss:2:8:
[37m      2 │ @import [32m[37m'./variables.scss';
        ╵         [32m^[0m


  Sass @import rules are deprecated and will be removed in Dart Sass 3.0.0.
  
  More info and automated migrator: [4mhttps://sass-lang.com/d/import[0m

  The plugin "angular-sass" was triggered by this import

    angular:styles/global:styles:2:8:
[37m      2 │ @import [32m'src/styles.scss'[37m;
        ╵         [32m~~~~~~~~~~~~~~~~~[0m


Component update sent to client(s).

Warning: This is a simple server for use in testing or debugging Angular applications
locally. It hasn't been reviewed for security issues.

Binding this server to an open connection can result in compromising your application or
computer. Using a different host than the one passed to the "--host" flag might result in
websocket connection issues.
    
 [1mPort 4200 is already in use.
Would you like to use a different port?[22m [2m(Y/n)[22m[47Gnode:events:485
      throw er; // Unhandled 'error' event
      ^

Error: EBADF: bad file descriptor, read
Emitted 'error' event on Interface instance at:
    at ReadStream.onerror (node:internal/readline/interface:272:10)
    at ReadStream.emit (node:events:507:28)
    at emitErrorNT (node:internal/streams/destroy:170:8)
    at errorOrDestroy (node:internal/streams/destroy:239:7)
    at node:internal/fs/streams:272:9
    at FSReqCallback.wrapper [as oncomplete] (node:fs:663:5) {
  errno: -9,
  code: 'EBADF',
  syscall: 'read'
}

Node.js v24.1.0
❯ Changes detected. Rebuilding...
✔ Changes detected. Rebuilding...
Browser bundles    
Initial chunk files | Names                  | Raw size
main.js             | main                   | 52.31 kB | 

Lazy chunk files    | Names                  | Raw size
chunk-O432QXSB.js   | non-admin-pages-module | 75.64 kB | 


Server bundles     
Initial chunk files | Names                  | Raw size
main.server.mjs     | main.server            | 53.52 kB | 

Lazy chunk files    | Names                  | Raw size
chunk-VUQD6N26.mjs  | non-admin-pages-module | 75.68 kB | 

Application bundle generation complete. [0.698 seconds]

[33m▲ [43;33m[[43;30mWARNING[43;33m][0m [1mDeprecation[0m [1m[35m[plugin angular-sass][0m

    src/styles.scss:2:8:
[37m      2 │ @import [32m[37m'./variables.scss';
        ╵         [32m^[0m


  Sass @import rules are deprecated and will be removed in Dart Sass 3.0.0.
  
  More info and automated migrator: [4mhttps://sass-lang.com/d/import[0m

  The plugin "angular-sass" was triggered by this import

    angular:styles/global:styles:2:8:
[37m      2 │ @import [32m'src/styles.scss'[37m;
        ╵         [32m~~~~~~~~~~~~~~~~~[0m


Component update sent to client(s).
❯ Changes detected. Rebuilding...
✔ Changes detected. Rebuilding...
Browser bundles    
Initial chunk files | Names                  | Raw size
main.js             | main                   | 52.31 kB | 

Lazy chunk files    | Names                  | Raw size
chunk-7TWYGLGO.js   | non-admin-pages-module | 75.55 kB | 


Server bundles     
Initial chunk files | Names                  | Raw size
main.server.mjs     | main.server            | 53.52 kB | 

Lazy chunk files    | Names                  | Raw size
chunk-5DSDWESV.mjs  | non-admin-pages-module | 75.59 kB | 

Application bundle generation complete. [0.621 seconds]

[33m▲ [43;33m[[43;30mWARNING[43;33m][0m [1mDeprecation[0m [1m[35m[plugin angular-sass][0m

    src/styles.scss:2:8:
[37m      2 │ @import [32m[37m'./variables.scss';
        ╵         [32m^[0m


  Sass @import rules are deprecated and will be removed in Dart Sass 3.0.0.
  
  More info and automated migrator: [4mhttps://sass-lang.com/d/import[0m

  The plugin "angular-sass" was triggered by this import

    angular:styles/global:styles:2:8:
[37m      2 │ @import [32m'src/styles.scss'[37m;
        ╵         [32m~~~~~~~~~~~~~~~~~[0m


Component update sent to client(s).
❯ Changes detected. Rebuilding...
✔ Changes detected. Rebuilding...
Browser bundles    
Initial chunk files | Names                  | Raw size
main.js             | main                   | 52.31 kB | 

Lazy chunk files    | Names                  | Raw size
chunk-UTXXTCKO.js   | non-admin-pages-module | 75.78 kB | 


Server bundles     
Initial chunk files | Names                  | Raw size
main.server.mjs     | main.server            | 53.52 kB | 

Lazy chunk files    | Names                  | Raw size
chunk-NZHNB57K.mjs  | non-admin-pages-module | 75.81 kB | 

Application bundle generation complete. [0.458 seconds]

[33m▲ [43;33m[[43;30mWARNING[43;33m][0m [1mDeprecation[0m [1m[35m[plugin angular-sass][0m

    src/styles.scss:2:8:
[37m      2 │ @import [32m[37m'./variables.scss';
        ╵         [32m^[0m


  Sass @import rules are deprecated and will be removed in Dart Sass 3.0.0.
  
  More info and automated migrator: [4mhttps://sass-lang.com/d/import[0m

  The plugin "angular-sass" was triggered by this import

    angular:styles/global:styles:2:8:
[37m      2 │ @import [32m'src/styles.scss'[37m;
        ╵         [32m~~~~~~~~~~~~~~~~~[0m


Component update sent to client(s).
❯ Changes detected. Rebuilding...
✔ Changes detected. Rebuilding...
Browser bundles    
Initial chunk files | Names                  | Raw size
main.js             | main                   | 52.31 kB | 

Lazy chunk files    | Names                  | Raw size
chunk-VCRBN4MM.js   | non-admin-pages-module | 75.79 kB | 


Server bundles     
Initial chunk files | Names                  | Raw size
main.server.mjs     | main.server            | 53.52 kB | 

Lazy chunk files    | Names                  | Raw size
chunk-RRB5ZN55.mjs  | non-admin-pages-module | 75.82 kB | 

Application bundle generation complete. [0.516 seconds]

[33m▲ [43;33m[[43;30mWARNING[43;33m][0m [1mDeprecation[0m [1m[35m[plugin angular-sass][0m

    src/styles.scss:2:8:
[37m      2 │ @import [32m[37m'./variables.scss';
        ╵         [32m^[0m


  Sass @import rules are deprecated and will be removed in Dart Sass 3.0.0.
  
  More info and automated migrator: [4mhttps://sass-lang.com/d/import[0m

  The plugin "angular-sass" was triggered by this import

    angular:styles/global:styles:2:8:
[37m      2 │ @import [32m'src/styles.scss'[37m;
        ╵         [32m~~~~~~~~~~~~~~~~~[0m


Component update sent to client(s).
❯ Changes detected. Rebuilding...
✔ Changes detected. Rebuilding...
Browser bundles    
Initial chunk files | Names                  | Raw size
main.js             | main                   | 52.31 kB | 

Lazy chunk files    | Names                  | Raw size
chunk-TH6IGZJU.js   | non-admin-pages-module | 75.84 kB | 


Server bundles     
Initial chunk files | Names                  | Raw size
main.server.mjs     | main.server            | 53.52 kB | 

Lazy chunk files    | Names                  | Raw size
chunk-ZCLJSR6U.mjs  | non-admin-pages-module | 75.88 kB | 

Application bundle generation complete. [0.457 seconds]

[33m▲ [43;33m[[43;30mWARNING[43;33m][0m [1mDeprecation[0m [1m[35m[plugin angular-sass][0m

    src/styles.scss:2:8:
[37m      2 │ @import [32m[37m'./variables.scss';
        ╵         [32m^[0m


  Sass @import rules are deprecated and will be removed in Dart Sass 3.0.0.
  
  More info and automated migrator: [4mhttps://sass-lang.com/d/import[0m

  The plugin "angular-sass" was triggered by this import

    angular:styles/global:styles:2:8:
[37m      2 │ @import [32m'src/styles.scss'[37m;
        ╵         [32m~~~~~~~~~~~~~~~~~[0m


Component update sent to client(s).
❯ Changes detected. Rebuilding...
✔ Changes detected. Rebuilding...
Browser bundles    
Initial chunk files | Names                  | Raw size
main.js             | main                   | 52.31 kB | 

Lazy chunk files    | Names                  | Raw size
chunk-BPCW73TJ.js   | non-admin-pages-module | 75.97 kB | 


Server bundles     
Initial chunk files | Names                  | Raw size
main.server.mjs     | main.server            | 53.52 kB | 

Lazy chunk files    | Names                  | Raw size
chunk-OCOV6JBS.mjs  | non-admin-pages-module | 76.00 kB | 

Application bundle generation complete. [0.348 seconds]

[33m▲ [43;33m[[43;30mWARNING[43;33m][0m [1mDeprecation[0m [1m[35m[plugin angular-sass][0m

    src/styles.scss:2:8:
[37m      2 │ @import [32m[37m'./variables.scss';
        ╵         [32m^[0m


  Sass @import rules are deprecated and will be removed in Dart Sass 3.0.0.
  
  More info and automated migrator: [4mhttps://sass-lang.com/d/import[0m

  The plugin "angular-sass" was triggered by this import

    angular:styles/global:styles:2:8:
[37m      2 │ @import [32m'src/styles.scss'[37m;
        ╵         [32m~~~~~~~~~~~~~~~~~[0m


Component update sent to client(s).
❯ Changes detected. Rebuilding...
✔ Changes detected. Rebuilding...
Browser bundles    
Initial chunk files | Names                  | Raw size
main.js             | main                   | 52.31 kB | 

Lazy chunk files    | Names                  | Raw size
chunk-NC3ZUHMA.js   | non-admin-pages-module | 76.14 kB | 


Server bundles     
Initial chunk files | Names                  | Raw size
main.server.mjs     | main.server            | 53.52 kB | 

Lazy chunk files    | Names                  | Raw size
chunk-DVVLMIQS.mjs  | non-admin-pages-module | 76.18 kB | 

Application bundle generation complete. [0.608 seconds]

[33m▲ [43;33m[[43;30mWARNING[43;33m][0m [1mDeprecation[0m [1m[35m[plugin angular-sass][0m

    src/styles.scss:2:8:
[37m      2 │ @import [32m[37m'./variables.scss';
        ╵         [32m^[0m


  Sass @import rules are deprecated and will be removed in Dart Sass 3.0.0.
  
  More info and automated migrator: [4mhttps://sass-lang.com/d/import[0m

  The plugin "angular-sass" was triggered by this import

    angular:styles/global:styles:2:8:
[37m      2 │ @import [32m'src/styles.scss'[37m;
        ╵         [32m~~~~~~~~~~~~~~~~~[0m


Component update sent to client(s).
❯ Changes detected. Rebuilding...
✔ Changes detected. Rebuilding...
Browser bundles    
Initial chunk files | Names                  | Raw size
main.js             | main                   | 52.31 kB | 

Lazy chunk files    | Names                  | Raw size
chunk-ISRK3YF4.js   | non-admin-pages-module | 76.14 kB | 


Server bundles     
Initial chunk files | Names                  | Raw size
main.server.mjs     | main.server            | 53.52 kB | 

Lazy chunk files    | Names                  | Raw size
chunk-OVBPLJQQ.mjs  | non-admin-pages-module | 76.18 kB | 

Application bundle generation complete. [0.440 seconds]

[33m▲ [43;33m[[43;30mWARNING[43;33m][0m [1mDeprecation[0m [1m[35m[plugin angular-sass][0m

    src/styles.scss:2:8:
[37m      2 │ @import [32m[37m'./variables.scss';
        ╵         [32m^[0m


  Sass @import rules are deprecated and will be removed in Dart Sass 3.0.0.
  
  More info and automated migrator: [4mhttps://sass-lang.com/d/import[0m

  The plugin "angular-sass" was triggered by this import

    angular:styles/global:styles:2:8:
[37m      2 │ @import [32m'src/styles.scss'[37m;
        ╵         [32m~~~~~~~~~~~~~~~~~[0m


Component update sent to client(s).
❯ Changes detected. Rebuilding...
✔ Changes detected. Rebuilding...
Browser bundles    
Initial chunk files | Names                  | Raw size
main.js             | main                   | 52.31 kB | 

Lazy chunk files    | Names                  | Raw size
chunk-P5EOFI6H.js   | non-admin-pages-module | 76.46 kB | 


Server bundles     
Initial chunk files | Names                  | Raw size
main.server.mjs     | main.server            | 53.52 kB | 

Lazy chunk files    | Names                  | Raw size
chunk-G7KU5FVQ.mjs  | non-admin-pages-module | 76.49 kB | 

Application bundle generation complete. [0.366 seconds]

[33m▲ [43;33m[[43;30mWARNING[43;33m][0m [1mDeprecation[0m [1m[35m[plugin angular-sass][0m

    src/styles.scss:2:8:
[37m      2 │ @import [32m[37m'./variables.scss';
        ╵         [32m^[0m


  Sass @import rules are deprecated and will be removed in Dart Sass 3.0.0.
  
  More info and automated migrator: [4mhttps://sass-lang.com/d/import[0m

  The plugin "angular-sass" was triggered by this import

    angular:styles/global:styles:2:8:
[37m      2 │ @import [32m'src/styles.scss'[37m;
        ╵         [32m~~~~~~~~~~~~~~~~~[0m


Component update sent to client(s).
❯ Changes detected. Rebuilding...
✔ Changes detected. Rebuilding...
Browser bundles    
Initial chunk files | Names                  | Raw size
main.js             | main                   | 52.31 kB | 

Lazy chunk files    | Names                  | Raw size
chunk-JATRF5X5.js   | non-admin-pages-module | 76.70 kB | 


Server bundles     
Initial chunk files | Names                  | Raw size
main.server.mjs     | main.server            | 53.52 kB | 

Lazy chunk files    | Names                  | Raw size
chunk-32AYXCIF.mjs  | non-admin-pages-module | 76.74 kB | 

Application bundle generation complete. [0.537 seconds]

[33m▲ [43;33m[[43;30mWARNING[43;33m][0m [1mDeprecation[0m [1m[35m[plugin angular-sass][0m

    src/styles.scss:2:8:
[37m      2 │ @import [32m[37m'./variables.scss';
        ╵         [32m^[0m


  Sass @import rules are deprecated and will be removed in Dart Sass 3.0.0.
  
  More info and automated migrator: [4mhttps://sass-lang.com/d/import[0m

  The plugin "angular-sass" was triggered by this import

    angular:styles/global:styles:2:8:
[37m      2 │ @import [32m'src/styles.scss'[37m;
        ╵         [32m~~~~~~~~~~~~~~~~~[0m


Component update sent to client(s).
❯ Changes detected. Rebuilding...
✔ Changes detected. Rebuilding...
Browser bundles    
Initial chunk files | Names                  | Raw size
main.js             | main                   | 52.31 kB | 

Lazy chunk files    | Names                  | Raw size
chunk-XTQQRORJ.js   | non-admin-pages-module | 76.66 kB | 


Server bundles     
Initial chunk files | Names                  | Raw size
main.server.mjs     | main.server            | 53.52 kB | 

Lazy chunk files    | Names                  | Raw size
chunk-QINEQJWN.mjs  | non-admin-pages-module | 76.69 kB | 

Application bundle generation complete. [0.339 seconds]

[33m▲ [43;33m[[43;30mWARNING[43;33m][0m [1mDeprecation[0m [1m[35m[plugin angular-sass][0m

    src/styles.scss:2:8:
[37m      2 │ @import [32m[37m'./variables.scss';
        ╵         [32m^[0m


  Sass @import rules are deprecated and will be removed in Dart Sass 3.0.0.
  
  More info and automated migrator: [4mhttps://sass-lang.com/d/import[0m

  The plugin "angular-sass" was triggered by this import

    angular:styles/global:styles:2:8:
[37m      2 │ @import [32m'src/styles.scss'[37m;
        ╵         [32m~~~~~~~~~~~~~~~~~[0m


Component update sent to client(s).
❯ Changes detected. Rebuilding...
✔ Changes detected. Rebuilding...
Browser bundles     
Initial chunk files  | Names                  |  Raw size
main.js              | main                   |  52.31 kB | 
styles.css           | styles                 |   8.03 kB | 
chunk-6BTHOFVS.js    | -                      |   4.08 kB | 
polyfills.js         | polyfills              |  95 bytes | 

                     | Initial total          |  64.51 kB

Lazy chunk files     | Names                  |  Raw size
chunk-XTQQRORJ.js    | non-admin-pages-module |  76.66 kB | 
chunk-VLUI37MW.js    | admin-pages-module     |  72.78 kB | 


Server bundles      
Initial chunk files  | Names                  |  Raw size
main.server.mjs      | main.server            |  53.52 kB | 
chunk-RZLJ6I6E.mjs   | -                      |   4.11 kB | 
server.mjs           | server                 |   1.79 kB | 
polyfills.server.mjs | polyfills.server       | 266 bytes | 

Lazy chunk files     | Names                  |  Raw size
chunk-QINEQJWN.mjs   | non-admin-pages-module |  76.69 kB | 
chunk-DZMCFC6X.mjs   | admin-pages-module     |  72.81 kB | 

Application bundle generation complete. [0.360 seconds]

[33m▲ [43;33m[[43;30mWARNING[43;33m][0m [1mDeprecation[0m [1m[35m[plugin angular-sass][0m

    src/styles.scss:2:8:
[37m      2 │ @import [32m[37m'./variables.scss';
        ╵         [32m^[0m


  Sass @import rules are deprecated and will be removed in Dart Sass 3.0.0.
  
  More info and automated migrator: [4mhttps://sass-lang.com/d/import[0m

  The plugin "angular-sass" was triggered by this import

    angular:styles/global:styles:2:8:
[37m      2 │ @import [32m'src/styles.scss'[37m;
        ╵         [32m~~~~~~~~~~~~~~~~~[0m


Component update sent to client(s).
❯ Changes detected. Rebuilding...
✔ Changes detected. Rebuilding...
Browser bundles    
Initial chunk files | Names                  | Raw size
main.js             | main                   | 52.31 kB | 

Lazy chunk files    | Names                  | Raw size
chunk-MLC7VB2H.js   | non-admin-pages-module | 76.65 kB | 


Server bundles     
Initial chunk files | Names                  | Raw size
main.server.mjs     | main.server            | 53.52 kB | 

Lazy chunk files    | Names                  | Raw size
chunk-6SQJ3AC2.mjs  | non-admin-pages-module | 76.69 kB | 

Application bundle generation complete. [0.549 seconds]

[33m▲ [43;33m[[43;30mWARNING[43;33m][0m [1mDeprecation[0m [1m[35m[plugin angular-sass][0m

    src/styles.scss:2:8:
[37m      2 │ @import [32m[37m'./variables.scss';
        ╵         [32m^[0m


  Sass @import rules are deprecated and will be removed in Dart Sass 3.0.0.
  
  More info and automated migrator: [4mhttps://sass-lang.com/d/import[0m

  The plugin "angular-sass" was triggered by this import

    angular:styles/global:styles:2:8:
[37m      2 │ @import [32m'src/styles.scss'[37m;
        ╵         [32m~~~~~~~~~~~~~~~~~[0m


Component update sent to client(s).
❯ Changes detected. Rebuilding...
✔ Changes detected. Rebuilding...
Browser bundles    
Initial chunk files | Names                  | Raw size
main.js             | main                   | 52.31 kB | 

Lazy chunk files    | Names                  | Raw size
chunk-V7GQXNPJ.js   | non-admin-pages-module | 76.65 kB | 


Server bundles     
Initial chunk files | Names                  | Raw size
main.server.mjs     | main.server            | 53.52 kB | 

Lazy chunk files    | Names                  | Raw size
chunk-IZSMPKGQ.mjs  | non-admin-pages-module | 76.69 kB | 

Application bundle generation complete. [0.396 seconds]

[33m▲ [43;33m[[43;30mWARNING[43;33m][0m [1mDeprecation[0m [1m[35m[plugin angular-sass][0m

    src/styles.scss:2:8:
[37m      2 │ @import [32m[37m'./variables.scss';
        ╵         [32m^[0m


  Sass @import rules are deprecated and will be removed in Dart Sass 3.0.0.
  
  More info and automated migrator: [4mhttps://sass-lang.com/d/import[0m

  The plugin "angular-sass" was triggered by this import

    angular:styles/global:styles:2:8:
[37m      2 │ @import [32m'src/styles.scss'[37m;
        ╵         [32m~~~~~~~~~~~~~~~~~[0m


Component update sent to client(s).
❯ Changes detected. Rebuilding...
✔ Changes detected. Rebuilding...
Browser bundles    
Initial chunk files | Names                  | Raw size
main.js             | main                   | 52.31 kB | 

Lazy chunk files    | Names                  | Raw size
chunk-RDEDEESV.js   | non-admin-pages-module | 76.65 kB | 


Server bundles     
Initial chunk files | Names                  | Raw size
main.server.mjs     | main.server            | 53.52 kB | 

Lazy chunk files    | Names                  | Raw size
chunk-XAYE7DHB.mjs  | non-admin-pages-module | 76.69 kB | 

Application bundle generation complete. [0.342 seconds]

[33m▲ [43;33m[[43;30mWARNING[43;33m][0m [1mDeprecation[0m [1m[35m[plugin angular-sass][0m

    src/styles.scss:2:8:
[37m      2 │ @import [32m[37m'./variables.scss';
        ╵         [32m^[0m


  Sass @import rules are deprecated and will be removed in Dart Sass 3.0.0.
  
  More info and automated migrator: [4mhttps://sass-lang.com/d/import[0m

  The plugin "angular-sass" was triggered by this import

    angular:styles/global:styles:2:8:
[37m      2 │ @import [32m'src/styles.scss'[37m;
        ╵         [32m~~~~~~~~~~~~~~~~~[0m


Component update sent to client(s).
❯ Changes detected. Rebuilding...
✔ Changes detected. Rebuilding...
Browser bundles    
Initial chunk files | Names                  | Raw size
main.js             | main                   | 52.31 kB | 

Lazy chunk files    | Names                  | Raw size
chunk-4NXHOANZ.js   | non-admin-pages-module | 76.65 kB | 


Server bundles     
Initial chunk files | Names                  | Raw size
main.server.mjs     | main.server            | 53.52 kB | 

Lazy chunk files    | Names                  | Raw size
chunk-5SIRTRLY.mjs  | non-admin-pages-module | 76.69 kB | 

Application bundle generation complete. [0.510 seconds]

[33m▲ [43;33m[[43;30mWARNING[43;33m][0m [1mDeprecation[0m [1m[35m[plugin angular-sass][0m

    src/styles.scss:2:8:
[37m      2 │ @import [32m[37m'./variables.scss';
        ╵         [32m^[0m


  Sass @import rules are deprecated and will be removed in Dart Sass 3.0.0.
  
  More info and automated migrator: [4mhttps://sass-lang.com/d/import[0m

  The plugin "angular-sass" was triggered by this import

    angular:styles/global:styles:2:8:
[37m      2 │ @import [32m'src/styles.scss'[37m;
        ╵         [32m~~~~~~~~~~~~~~~~~[0m


Component update sent to client(s).
❯ Changes detected. Rebuilding...
✔ Changes detected. Rebuilding...
Browser bundles    
Initial chunk files | Names                  | Raw size
main.js             | main                   | 52.31 kB | 

Lazy chunk files    | Names                  | Raw size
chunk-23M7WTFI.js   | non-admin-pages-module | 76.65 kB | 


Server bundles     
Initial chunk files | Names                  | Raw size
main.server.mjs     | main.server            | 53.52 kB | 

Lazy chunk files    | Names                  | Raw size
chunk-IUCCGSNY.mjs  | non-admin-pages-module | 76.69 kB | 

Application bundle generation complete. [0.367 seconds]

[33m▲ [43;33m[[43;30mWARNING[43;33m][0m [1mDeprecation[0m [1m[35m[plugin angular-sass][0m

    src/styles.scss:2:8:
[37m      2 │ @import [32m[37m'./variables.scss';
        ╵         [32m^[0m


  Sass @import rules are deprecated and will be removed in Dart Sass 3.0.0.
  
  More info and automated migrator: [4mhttps://sass-lang.com/d/import[0m

  The plugin "angular-sass" was triggered by this import

    angular:styles/global:styles:2:8:
[37m      2 │ @import [32m'src/styles.scss'[37m;
        ╵         [32m~~~~~~~~~~~~~~~~~[0m


Component update sent to client(s).
❯ Changes detected. Rebuilding...
✔ Changes detected. Rebuilding...
Browser bundles    
Initial chunk files | Names                  | Raw size
main.js             | main                   | 52.31 kB | 

Lazy chunk files    | Names                  | Raw size
chunk-MH6UXQ4X.js   | non-admin-pages-module | 76.65 kB | 


Server bundles     
Initial chunk files | Names                  | Raw size
main.server.mjs     | main.server            | 53.52 kB | 

Lazy chunk files    | Names                  | Raw size
chunk-UOJRPPNA.mjs  | non-admin-pages-module | 76.69 kB | 

Application bundle generation complete. [0.330 seconds]

[33m▲ [43;33m[[43;30mWARNING[43;33m][0m [1mDeprecation[0m [1m[35m[plugin angular-sass][0m

    src/styles.scss:2:8:
[37m      2 │ @import [32m[37m'./variables.scss';
        ╵         [32m^[0m


  Sass @import rules are deprecated and will be removed in Dart Sass 3.0.0.
  
  More info and automated migrator: [4mhttps://sass-lang.com/d/import[0m

  The plugin "angular-sass" was triggered by this import

    angular:styles/global:styles:2:8:
[37m      2 │ @import [32m'src/styles.scss'[37m;
        ╵         [32m~~~~~~~~~~~~~~~~~[0m


Component update sent to client(s).
❯ Changes detected. Rebuilding...
✔ Changes detected. Rebuilding...
Browser bundles    
Initial chunk files | Names                  | Raw size
main.js             | main                   | 52.31 kB | 

Lazy chunk files    | Names                  | Raw size
chunk-32PWF4OS.js   | non-admin-pages-module | 76.65 kB | 


Server bundles     
Initial chunk files | Names                  | Raw size
main.server.mjs     | main.server            | 53.52 kB | 

Lazy chunk files    | Names                  | Raw size
chunk-HDSGK3N4.mjs  | non-admin-pages-module | 76.69 kB | 

Application bundle generation complete. [0.496 seconds]

[33m▲ [43;33m[[43;30mWARNING[43;33m][0m [1mDeprecation[0m [1m[35m[plugin angular-sass][0m

    src/styles.scss:2:8:
[37m      2 │ @import [32m[37m'./variables.scss';
        ╵         [32m^[0m


  Sass @import rules are deprecated and will be removed in Dart Sass 3.0.0.
  
  More info and automated migrator: [4mhttps://sass-lang.com/d/import[0m

  The plugin "angular-sass" was triggered by this import

    angular:styles/global:styles:2:8:
[37m      2 │ @import [32m'src/styles.scss'[37m;
        ╵         [32m~~~~~~~~~~~~~~~~~[0m


Component update sent to client(s).
❯ Changes detected. Rebuilding...
✔ Changes detected. Rebuilding...
Browser bundles    
Initial chunk files | Names                  | Raw size
main.js             | main                   | 52.31 kB | 

Lazy chunk files    | Names                  | Raw size
chunk-KDKJQCWW.js   | non-admin-pages-module | 76.65 kB | 


Server bundles     
Initial chunk files | Names                  | Raw size
main.server.mjs     | main.server            | 53.52 kB | 

Lazy chunk files    | Names                  | Raw size
chunk-E33UYZFR.mjs  | non-admin-pages-module | 76.69 kB | 

Application bundle generation complete. [0.326 seconds]

[33m▲ [43;33m[[43;30mWARNING[43;33m][0m [1mDeprecation[0m [1m[35m[plugin angular-sass][0m

    src/styles.scss:2:8:
[37m      2 │ @import [32m[37m'./variables.scss';
        ╵         [32m^[0m


  Sass @import rules are deprecated and will be removed in Dart Sass 3.0.0.
  
  More info and automated migrator: [4mhttps://sass-lang.com/d/import[0m

  The plugin "angular-sass" was triggered by this import

    angular:styles/global:styles:2:8:
[37m      2 │ @import [32m'src/styles.scss'[37m;
        ╵         [32m~~~~~~~~~~~~~~~~~[0m


Component update sent to client(s).
❯ Changes detected. Rebuilding...
✔ Changes detected. Rebuilding...
Browser bundles    
Initial chunk files | Names                  | Raw size
main.js             | main                   | 52.31 kB | 

Lazy chunk files    | Names                  | Raw size
chunk-BVI4TN2W.js   | non-admin-pages-module | 76.65 kB | 


Server bundles     
Initial chunk files | Names                  | Raw size
main.server.mjs     | main.server            | 53.52 kB | 

Lazy chunk files    | Names                  | Raw size
chunk-RY26DATJ.mjs  | non-admin-pages-module | 76.68 kB | 

Application bundle generation complete. [0.336 seconds]

[33m▲ [43;33m[[43;30mWARNING[43;33m][0m [1mDeprecation[0m [1m[35m[plugin angular-sass][0m

    src/styles.scss:2:8:
[37m      2 │ @import [32m[37m'./variables.scss';
        ╵         [32m^[0m


  Sass @import rules are deprecated and will be removed in Dart Sass 3.0.0.
  
  More info and automated migrator: [4mhttps://sass-lang.com/d/import[0m

  The plugin "angular-sass" was triggered by this import

    angular:styles/global:styles:2:8:
[37m      2 │ @import [32m'src/styles.scss'[37m;
        ╵         [32m~~~~~~~~~~~~~~~~~[0m


Component update sent to client(s).
❯ Changes detected. Rebuilding...
✔ Changes detected. Rebuilding...
Browser bundles    
Initial chunk files | Names                  | Raw size
main.js             | main                   | 52.31 kB | 

Lazy chunk files    | Names                  | Raw size
chunk-YD4C6OQH.js   | non-admin-pages-module | 76.65 kB | 


Server bundles     
Initial chunk files | Names                  | Raw size
main.server.mjs     | main.server            | 53.52 kB | 

Lazy chunk files    | Names                  | Raw size
chunk-LPHG7FI5.mjs  | non-admin-pages-module | 76.69 kB | 

Application bundle generation complete. [0.323 seconds]

[33m▲ [43;33m[[43;30mWARNING[43;33m][0m [1mDeprecation[0m [1m[35m[plugin angular-sass][0m

    src/styles.scss:2:8:
[37m      2 │ @import [32m[37m'./variables.scss';
        ╵         [32m^[0m


  Sass @import rules are deprecated and will be removed in Dart Sass 3.0.0.
  
  More info and automated migrator: [4mhttps://sass-lang.com/d/import[0m

  The plugin "angular-sass" was triggered by this import

    angular:styles/global:styles:2:8:
[37m      2 │ @import [32m'src/styles.scss'[37m;
        ╵         [32m~~~~~~~~~~~~~~~~~[0m


Component update sent to client(s).
❯ Changes detected. Rebuilding...
✔ Changes detected. Rebuilding...
Browser bundles    
Initial chunk files | Names                  | Raw size
main.js             | main                   | 52.31 kB | 

Lazy chunk files    | Names                  | Raw size
chunk-EKB6X7Q4.js   | non-admin-pages-module | 76.65 kB | 


Server bundles     
Initial chunk files | Names                  | Raw size
main.server.mjs     | main.server            | 53.52 kB | 

Lazy chunk files    | Names                  | Raw size
chunk-LMED2ZRU.mjs  | non-admin-pages-module | 76.68 kB | 

Application bundle generation complete. [0.475 seconds]

[33m▲ [43;33m[[43;30mWARNING[43;33m][0m [1mDeprecation[0m [1m[35m[plugin angular-sass][0m

    src/styles.scss:2:8:
[37m      2 │ @import [32m[37m'./variables.scss';
        ╵         [32m^[0m


  Sass @import rules are deprecated and will be removed in Dart Sass 3.0.0.
  
  More info and automated migrator: [4mhttps://sass-lang.com/d/import[0m

  The plugin "angular-sass" was triggered by this import

    angular:styles/global:styles:2:8:
[37m      2 │ @import [32m'src/styles.scss'[37m;
        ╵         [32m~~~~~~~~~~~~~~~~~[0m


Component update sent to client(s).
❯ Changes detected. Rebuilding...
✔ Changes detected. Rebuilding...
Browser bundles    
Initial chunk files | Names                  | Raw size
main.js             | main                   | 52.31 kB | 

Lazy chunk files    | Names                  | Raw size
chunk-R7AGHG3C.js   | non-admin-pages-module | 76.65 kB | 


Server bundles     
Initial chunk files | Names                  | Raw size
main.server.mjs     | main.server            | 53.52 kB | 

Lazy chunk files    | Names                  | Raw size
chunk-CB55D3G6.mjs  | non-admin-pages-module | 76.69 kB | 

Application bundle generation complete. [0.316 seconds]

[33m▲ [43;33m[[43;30mWARNING[43;33m][0m [1mDeprecation[0m [1m[35m[plugin angular-sass][0m

    src/styles.scss:2:8:
[37m      2 │ @import [32m[37m'./variables.scss';
        ╵         [32m^[0m


  Sass @import rules are deprecated and will be removed in Dart Sass 3.0.0.
  
  More info and automated migrator: [4mhttps://sass-lang.com/d/import[0m

  The plugin "angular-sass" was triggered by this import

    angular:styles/global:styles:2:8:
[37m      2 │ @import [32m'src/styles.scss'[37m;
        ╵         [32m~~~~~~~~~~~~~~~~~[0m


Component update sent to client(s).
❯ Changes detected. Rebuilding...
✔ Changes detected. Rebuilding...
Browser bundles    
Initial chunk files | Names                  | Raw size
main.js             | main                   | 52.31 kB | 

Lazy chunk files    | Names                  | Raw size
chunk-ZTKTQX2Z.js   | non-admin-pages-module | 76.65 kB | 


Server bundles     
Initial chunk files | Names                  | Raw size
main.server.mjs     | main.server            | 53.52 kB | 

Lazy chunk files    | Names                  | Raw size
chunk-NRKJWKYD.mjs  | non-admin-pages-module | 76.68 kB | 

Application bundle generation complete. [0.360 seconds]

[33m▲ [43;33m[[43;30mWARNING[43;33m][0m [1mDeprecation[0m [1m[35m[plugin angular-sass][0m

    src/styles.scss:2:8:
[37m      2 │ @import [32m[37m'./variables.scss';
        ╵         [32m^[0m


  Sass @import rules are deprecated and will be removed in Dart Sass 3.0.0.
  
  More info and automated migrator: [4mhttps://sass-lang.com/d/import[0m

  The plugin "angular-sass" was triggered by this import

    angular:styles/global:styles:2:8:
[37m      2 │ @import [32m'src/styles.scss'[37m;
        ╵         [32m~~~~~~~~~~~~~~~~~[0m


Component update sent to client(s).
❯ Changes detected. Rebuilding...
✔ Changes detected. Rebuilding...
Browser bundles    
Initial chunk files | Names                  | Raw size
main.js             | main                   | 52.31 kB | 

Lazy chunk files    | Names                  | Raw size
chunk-2JGR5V24.js   | non-admin-pages-module | 76.65 kB | 


Server bundles     
Initial chunk files | Names                  | Raw size
main.server.mjs     | main.server            | 53.52 kB | 

Lazy chunk files    | Names                  | Raw size
chunk-IL2FUVBR.mjs  | non-admin-pages-module | 76.69 kB | 

Application bundle generation complete. [0.535 seconds]

[33m▲ [43;33m[[43;30mWARNING[43;33m][0m [1mDeprecation[0m [1m[35m[plugin angular-sass][0m

    src/styles.scss:2:8:
[37m      2 │ @import [32m[37m'./variables.scss';
        ╵         [32m^[0m


  Sass @import rules are deprecated and will be removed in Dart Sass 3.0.0.
  
  More info and automated migrator: [4mhttps://sass-lang.com/d/import[0m

  The plugin "angular-sass" was triggered by this import

    angular:styles/global:styles:2:8:
[37m      2 │ @import [32m'src/styles.scss'[37m;
        ╵         [32m~~~~~~~~~~~~~~~~~[0m


Component update sent to client(s).
❯ Changes detected. Rebuilding...
✔ Changes detected. Rebuilding...
Browser bundles    
Initial chunk files | Names                  | Raw size
main.js             | main                   | 52.31 kB | 

Lazy chunk files    | Names                  | Raw size
chunk-R7AGHG3C.js   | non-admin-pages-module | 76.65 kB | 


Server bundles     
Initial chunk files | Names                  | Raw size
main.server.mjs     | main.server            | 53.52 kB | 

Lazy chunk files    | Names                  | Raw size
chunk-CB55D3G6.mjs  | non-admin-pages-module | 76.69 kB | 

Application bundle generation complete. [0.382 seconds]

[33m▲ [43;33m[[43;30mWARNING[43;33m][0m [1mDeprecation[0m [1m[35m[plugin angular-sass][0m

    src/styles.scss:2:8:
[37m      2 │ @import [32m[37m'./variables.scss';
        ╵         [32m^[0m


  Sass @import rules are deprecated and will be removed in Dart Sass 3.0.0.
  
  More info and automated migrator: [4mhttps://sass-lang.com/d/import[0m

  The plugin "angular-sass" was triggered by this import

    angular:styles/global:styles:2:8:
[37m      2 │ @import [32m'src/styles.scss'[37m;
        ╵         [32m~~~~~~~~~~~~~~~~~[0m


Component update sent to client(s).
❯ Changes detected. Rebuilding...
✔ Changes detected. Rebuilding...
Browser bundles    
Initial chunk files | Names                  | Raw size
main.js             | main                   | 52.31 kB | 

Lazy chunk files    | Names                  | Raw size
chunk-MMHSXDRQ.js   | non-admin-pages-module | 76.65 kB | 


Server bundles     
Initial chunk files | Names                  | Raw size
main.server.mjs     | main.server            | 53.52 kB | 

Lazy chunk files    | Names                  | Raw size
chunk-BFTU4C3G.mjs  | non-admin-pages-module | 76.69 kB | 

Application bundle generation complete. [0.418 seconds]

[33m▲ [43;33m[[43;30mWARNING[43;33m][0m [1mDeprecation[0m [1m[35m[plugin angular-sass][0m

    src/styles.scss:2:8:
[37m      2 │ @import [32m[37m'./variables.scss';
        ╵         [32m^[0m


  Sass @import rules are deprecated and will be removed in Dart Sass 3.0.0.
  
  More info and automated migrator: [4mhttps://sass-lang.com/d/import[0m

  The plugin "angular-sass" was triggered by this import

    angular:styles/global:styles:2:8:
[37m      2 │ @import [32m'src/styles.scss'[37m;
        ╵         [32m~~~~~~~~~~~~~~~~~[0m


Component update sent to client(s).
❯ Changes detected. Rebuilding...
✔ Changes detected. Rebuilding...
Browser bundles    
Initial chunk files | Names                  | Raw size
main.js             | main                   | 52.31 kB | 

Lazy chunk files    | Names                  | Raw size
chunk-QMMRSWDA.js   | non-admin-pages-module | 76.65 kB | 


Server bundles     
Initial chunk files | Names                  | Raw size
main.server.mjs     | main.server            | 53.52 kB | 

Lazy chunk files    | Names                  | Raw size
chunk-YJ6NYSBI.mjs  | non-admin-pages-module | 76.68 kB | 

Application bundle generation complete. [0.486 seconds]

[33m▲ [43;33m[[43;30mWARNING[43;33m][0m [1mDeprecation[0m [1m[35m[plugin angular-sass][0m

    src/styles.scss:2:8:
[37m      2 │ @import [32m[37m'./variables.scss';
        ╵         [32m^[0m


  Sass @import rules are deprecated and will be removed in Dart Sass 3.0.0.
  
  More info and automated migrator: [4mhttps://sass-lang.com/d/import[0m

  The plugin "angular-sass" was triggered by this import

    angular:styles/global:styles:2:8:
[37m      2 │ @import [32m'src/styles.scss'[37m;
        ╵         [32m~~~~~~~~~~~~~~~~~[0m


Component update sent to client(s).
❯ Changes detected. Rebuilding...
✔ Changes detected. Rebuilding...
Browser bundles    
Initial chunk files | Names                  | Raw size
main.js             | main                   | 52.31 kB | 

Lazy chunk files    | Names                  | Raw size
chunk-NKC4OLGD.js   | non-admin-pages-module | 76.65 kB | 


Server bundles     
Initial chunk files | Names                  | Raw size
main.server.mjs     | main.server            | 53.52 kB | 

Lazy chunk files    | Names                  | Raw size
chunk-YPDLVQNB.mjs  | non-admin-pages-module | 76.68 kB | 

Application bundle generation complete. [0.364 seconds]

[33m▲ [43;33m[[43;30mWARNING[43;33m][0m [1mDeprecation[0m [1m[35m[plugin angular-sass][0m

    src/styles.scss:2:8:
[37m      2 │ @import [32m[37m'./variables.scss';
        ╵         [32m^[0m


  Sass @import rules are deprecated and will be removed in Dart Sass 3.0.0.
  
  More info and automated migrator: [4mhttps://sass-lang.com/d/import[0m

  The plugin "angular-sass" was triggered by this import

    angular:styles/global:styles:2:8:
[37m      2 │ @import [32m'src/styles.scss'[37m;
        ╵         [32m~~~~~~~~~~~~~~~~~[0m


Component update sent to client(s).
❯ Changes detected. Rebuilding...
✔ Changes detected. Rebuilding...
Browser bundles     
Initial chunk files  | Names                  |  Raw size
main.js              | main                   |  52.31 kB | 
styles.css           | styles                 |   8.03 kB | 
chunk-6BTHOFVS.js    | -                      |   4.08 kB | 
polyfills.js         | polyfills              |  95 bytes | 

                     | Initial total          |  64.51 kB

Lazy chunk files     | Names                  |  Raw size
chunk-NKC4OLGD.js    | non-admin-pages-module |  76.65 kB | 
chunk-VLUI37MW.js    | admin-pages-module     |  72.78 kB | 


Server bundles      
Initial chunk files  | Names                  |  Raw size
main.server.mjs      | main.server            |  53.52 kB | 
chunk-RZLJ6I6E.mjs   | -                      |   4.11 kB | 
server.mjs           | server                 |   1.79 kB | 
polyfills.server.mjs | polyfills.server       | 266 bytes | 

Lazy chunk files     | Names                  |  Raw size
chunk-YPDLVQNB.mjs   | non-admin-pages-module |  76.68 kB | 
chunk-DZMCFC6X.mjs   | admin-pages-module     |  72.81 kB | 

Application bundle generation complete. [0.338 seconds]

[33m▲ [43;33m[[43;30mWARNING[43;33m][0m [1mDeprecation[0m [1m[35m[plugin angular-sass][0m

    src/styles.scss:2:8:
[37m      2 │ @import [32m[37m'./variables.scss';
        ╵         [32m^[0m


  Sass @import rules are deprecated and will be removed in Dart Sass 3.0.0.
  
  More info and automated migrator: [4mhttps://sass-lang.com/d/import[0m

  The plugin "angular-sass" was triggered by this import

    angular:styles/global:styles:2:8:
[37m      2 │ @import [32m'src/styles.scss'[37m;
        ╵         [32m~~~~~~~~~~~~~~~~~[0m


Component update sent to client(s).
❯ Changes detected. Rebuilding...
✔ Changes detected. Rebuilding...
Browser bundles    
Initial chunk files | Names                  | Raw size
main.js             | main                   | 52.31 kB | 

Lazy chunk files    | Names                  | Raw size
chunk-LDGFRLB4.js   | non-admin-pages-module | 76.89 kB | 


Server bundles     
Initial chunk files | Names                  | Raw size
main.server.mjs     | main.server            | 53.52 kB | 

Lazy chunk files    | Names                  | Raw size
chunk-KWTNC2NI.mjs  | non-admin-pages-module | 76.93 kB | 

Application bundle generation complete. [0.490 seconds]

[33m▲ [43;33m[[43;30mWARNING[43;33m][0m [1mDeprecation[0m [1m[35m[plugin angular-sass][0m

    src/styles.scss:2:8:
[37m      2 │ @import [32m[37m'./variables.scss';
        ╵         [32m^[0m


  Sass @import rules are deprecated and will be removed in Dart Sass 3.0.0.
  
  More info and automated migrator: [4mhttps://sass-lang.com/d/import[0m

  The plugin "angular-sass" was triggered by this import

    angular:styles/global:styles:2:8:
[37m      2 │ @import [32m'src/styles.scss'[37m;
        ╵         [32m~~~~~~~~~~~~~~~~~[0m


Component update sent to client(s).
❯ Changes detected. Rebuilding...
✔ Changes detected. Rebuilding...
Browser bundles    
Initial chunk files | Names                  | Raw size
main.js             | main                   | 52.31 kB | 

Lazy chunk files    | Names                  | Raw size
chunk-PB6IX4C3.js   | non-admin-pages-module | 76.90 kB | 


Server bundles     
Initial chunk files | Names                  | Raw size
main.server.mjs     | main.server            | 53.52 kB | 

Lazy chunk files    | Names                  | Raw size
chunk-AFMAFTF4.mjs  | non-admin-pages-module | 76.93 kB | 

Application bundle generation complete. [0.378 seconds]

[33m▲ [43;33m[[43;30mWARNING[43;33m][0m [1mDeprecation[0m [1m[35m[plugin angular-sass][0m

    src/styles.scss:2:8:
[37m      2 │ @import [32m[37m'./variables.scss';
        ╵         [32m^[0m


  Sass @import rules are deprecated and will be removed in Dart Sass 3.0.0.
  
  More info and automated migrator: [4mhttps://sass-lang.com/d/import[0m

  The plugin "angular-sass" was triggered by this import

    angular:styles/global:styles:2:8:
[37m      2 │ @import [32m'src/styles.scss'[37m;
        ╵         [32m~~~~~~~~~~~~~~~~~[0m


Component update sent to client(s).
❯ Changes detected. Rebuilding...
✔ Changes detected. Rebuilding...
Browser bundles    
Initial chunk files | Names                  | Raw size
main.js             | main                   | 52.31 kB | 

Lazy chunk files    | Names                  | Raw size
chunk-DV7IEHVX.js   | non-admin-pages-module | 76.89 kB | 


Server bundles     
Initial chunk files | Names                  | Raw size
main.server.mjs     | main.server            | 53.52 kB | 

Lazy chunk files    | Names                  | Raw size
chunk-446QBPLO.mjs  | non-admin-pages-module | 76.93 kB | 

Application bundle generation complete. [0.356 seconds]

[33m▲ [43;33m[[43;30mWARNING[43;33m][0m [1mDeprecation[0m [1m[35m[plugin angular-sass][0m

    src/styles.scss:2:8:
[37m      2 │ @import [32m[37m'./variables.scss';
        ╵         [32m^[0m


  Sass @import rules are deprecated and will be removed in Dart Sass 3.0.0.
  
  More info and automated migrator: [4mhttps://sass-lang.com/d/import[0m

  The plugin "angular-sass" was triggered by this import

    angular:styles/global:styles:2:8:
[37m      2 │ @import [32m'src/styles.scss'[37m;
        ╵         [32m~~~~~~~~~~~~~~~~~[0m


Component update sent to client(s).
❯ Changes detected. Rebuilding...
✔ Changes detected. Rebuilding...
Browser bundles    
Initial chunk files | Names                  | Raw size
main.js             | main                   | 52.31 kB | 

Lazy chunk files    | Names                  | Raw size
chunk-JEQ4FGYK.js   | non-admin-pages-module | 76.78 kB | 


Server bundles     
Initial chunk files | Names                  | Raw size
main.server.mjs     | main.server            | 53.52 kB | 

Lazy chunk files    | Names                  | Raw size
chunk-W7DFEC7D.mjs  | non-admin-pages-module | 76.82 kB | 

Application bundle generation complete. [0.520 seconds]

[33m▲ [43;33m[[43;30mWARNING[43;33m][0m [1mDeprecation[0m [1m[35m[plugin angular-sass][0m

    src/styles.scss:2:8:
[37m      2 │ @import [32m[37m'./variables.scss';
        ╵         [32m^[0m


  Sass @import rules are deprecated and will be removed in Dart Sass 3.0.0.
  
  More info and automated migrator: [4mhttps://sass-lang.com/d/import[0m

  The plugin "angular-sass" was triggered by this import

    angular:styles/global:styles:2:8:
[37m      2 │ @import [32m'src/styles.scss'[37m;
        ╵         [32m~~~~~~~~~~~~~~~~~[0m


Component update sent to client(s).
❯ Changes detected. Rebuilding...
✔ Changes detected. Rebuilding...
Browser bundles    
Initial chunk files | Names                  | Raw size
main.js             | main                   | 52.31 kB | 

Lazy chunk files    | Names                  | Raw size
chunk-REVAG7KV.js   | non-admin-pages-module | 76.78 kB | 


Server bundles     
Initial chunk files | Names                  | Raw size
main.server.mjs     | main.server            | 53.52 kB | 

Lazy chunk files    | Names                  | Raw size
chunk-DYG7EV62.mjs  | non-admin-pages-module | 76.82 kB | 

Application bundle generation complete. [0.358 seconds]

[33m▲ [43;33m[[43;30mWARNING[43;33m][0m [1mDeprecation[0m [1m[35m[plugin angular-sass][0m

    src/styles.scss:2:8:
[37m      2 │ @import [32m[37m'./variables.scss';
        ╵         [32m^[0m


  Sass @import rules are deprecated and will be removed in Dart Sass 3.0.0.
  
  More info and automated migrator: [4mhttps://sass-lang.com/d/import[0m

  The plugin "angular-sass" was triggered by this import

    angular:styles/global:styles:2:8:
[37m      2 │ @import [32m'src/styles.scss'[37m;
        ╵         [32m~~~~~~~~~~~~~~~~~[0m


Component update sent to client(s).
❯ Changes detected. Rebuilding...
✔ Changes detected. Rebuilding...
Browser bundles    
Initial chunk files | Names                  | Raw size
main.js             | main                   | 52.31 kB | 

Lazy chunk files    | Names                  | Raw size
chunk-JEQ4FGYK.js   | non-admin-pages-module | 76.78 kB | 


Server bundles     
Initial chunk files | Names                  | Raw size
main.server.mjs     | main.server            | 53.52 kB | 

Lazy chunk files    | Names                  | Raw size
chunk-W7DFEC7D.mjs  | non-admin-pages-module | 76.82 kB | 

Application bundle generation complete. [0.353 seconds]

[33m▲ [43;33m[[43;30mWARNING[43;33m][0m [1mDeprecation[0m [1m[35m[plugin angular-sass][0m

    src/styles.scss:2:8:
[37m      2 │ @import [32m[37m'./variables.scss';
        ╵         [32m^[0m


  Sass @import rules are deprecated and will be removed in Dart Sass 3.0.0.
  
  More info and automated migrator: [4mhttps://sass-lang.com/d/import[0m

  The plugin "angular-sass" was triggered by this import

    angular:styles/global:styles:2:8:
[37m      2 │ @import [32m'src/styles.scss'[37m;
        ╵         [32m~~~~~~~~~~~~~~~~~[0m


Component update sent to client(s).
❯ Changes detected. Rebuilding...
✔ Changes detected. Rebuilding...
Browser bundles    
Initial chunk files | Names                  | Raw size
main.js             | main                   | 52.31 kB | 

Lazy chunk files    | Names                  | Raw size
chunk-O5UAJ4FO.js   | non-admin-pages-module | 76.78 kB | 


Server bundles     
Initial chunk files | Names                  | Raw size
main.server.mjs     | main.server            | 53.52 kB | 

Lazy chunk files    | Names                  | Raw size
chunk-POLNNOZR.mjs  | non-admin-pages-module | 76.82 kB | 

Application bundle generation complete. [0.498 seconds]

[33m▲ [43;33m[[43;30mWARNING[43;33m][0m [1mDeprecation[0m [1m[35m[plugin angular-sass][0m

    src/styles.scss:2:8:
[37m      2 │ @import [32m[37m'./variables.scss';
        ╵         [32m^[0m


  Sass @import rules are deprecated and will be removed in Dart Sass 3.0.0.
  
  More info and automated migrator: [4mhttps://sass-lang.com/d/import[0m

  The plugin "angular-sass" was triggered by this import

    angular:styles/global:styles:2:8:
[37m      2 │ @import [32m'src/styles.scss'[37m;
        ╵         [32m~~~~~~~~~~~~~~~~~[0m


Component update sent to client(s).
❯ Changes detected. Rebuilding...
✔ Changes detected. Rebuilding...
Browser bundles    
Initial chunk files | Names                  | Raw size
main.js             | main                   | 52.31 kB | 

Lazy chunk files    | Names                  | Raw size
chunk-REVAG7KV.js   | non-admin-pages-module | 76.78 kB | 


Server bundles     
Initial chunk files | Names                  | Raw size
main.server.mjs     | main.server            | 53.52 kB | 

Lazy chunk files    | Names                  | Raw size
chunk-DYG7EV62.mjs  | non-admin-pages-module | 76.82 kB | 

Application bundle generation complete. [0.320 seconds]

[33m▲ [43;33m[[43;30mWARNING[43;33m][0m [1mDeprecation[0m [1m[35m[plugin angular-sass][0m

    src/styles.scss:2:8:
[37m      2 │ @import [32m[37m'./variables.scss';
        ╵         [32m^[0m


  Sass @import rules are deprecated and will be removed in Dart Sass 3.0.0.
  
  More info and automated migrator: [4mhttps://sass-lang.com/d/import[0m

  The plugin "angular-sass" was triggered by this import

    angular:styles/global:styles:2:8:
[37m      2 │ @import [32m'src/styles.scss'[37m;
        ╵         [32m~~~~~~~~~~~~~~~~~[0m


Component update sent to client(s).
❯ Changes detected. Rebuilding...
✔ Changes detected. Rebuilding...
Browser bundles    
Initial chunk files | Names                  | Raw size
main.js             | main                   | 52.31 kB | 

Lazy chunk files    | Names                  | Raw size
chunk-UOLDICYP.js   | non-admin-pages-module | 76.79 kB | 


Server bundles     
Initial chunk files | Names                  | Raw size
main.server.mjs     | main.server            | 53.52 kB | 

Lazy chunk files    | Names                  | Raw size
chunk-NALD3VEX.mjs  | non-admin-pages-module | 76.82 kB | 

Application bundle generation complete. [0.539 seconds]

[33m▲ [43;33m[[43;30mWARNING[43;33m][0m [1mDeprecation[0m [1m[35m[plugin angular-sass][0m

    src/styles.scss:2:8:
[37m      2 │ @import [32m[37m'./variables.scss';
        ╵         [32m^[0m


  Sass @import rules are deprecated and will be removed in Dart Sass 3.0.0.
  
  More info and automated migrator: [4mhttps://sass-lang.com/d/import[0m

  The plugin "angular-sass" was triggered by this import

    angular:styles/global:styles:2:8:
[37m      2 │ @import [32m'src/styles.scss'[37m;
        ╵         [32m~~~~~~~~~~~~~~~~~[0m


Component update sent to client(s).
❯ Changes detected. Rebuilding...
✔ Changes detected. Rebuilding...
Browser bundles    
Initial chunk files | Names                  | Raw size
main.js             | main                   | 52.31 kB | 

Lazy chunk files    | Names                  | Raw size
chunk-QTNB23O6.js   | non-admin-pages-module | 76.79 kB | 


Server bundles     
Initial chunk files | Names                  | Raw size
main.server.mjs     | main.server            | 53.52 kB | 

Lazy chunk files    | Names                  | Raw size
chunk-RXAQBULB.mjs  | non-admin-pages-module | 76.82 kB | 

Application bundle generation complete. [0.343 seconds]

[33m▲ [43;33m[[43;30mWARNING[43;33m][0m [1mDeprecation[0m [1m[35m[plugin angular-sass][0m

    src/styles.scss:2:8:
[37m      2 │ @import [32m[37m'./variables.scss';
        ╵         [32m^[0m


  Sass @import rules are deprecated and will be removed in Dart Sass 3.0.0.
  
  More info and automated migrator: [4mhttps://sass-lang.com/d/import[0m

  The plugin "angular-sass" was triggered by this import

    angular:styles/global:styles:2:8:
[37m      2 │ @import [32m'src/styles.scss'[37m;
        ╵         [32m~~~~~~~~~~~~~~~~~[0m


Component update sent to client(s).
❯ Changes detected. Rebuilding...
✔ Changes detected. Rebuilding...
Browser bundles    
Initial chunk files | Names                  | Raw size
main.js             | main                   | 52.31 kB | 

Lazy chunk files    | Names                  | Raw size
chunk-YTQKUMRY.js   | non-admin-pages-module | 76.79 kB | 


Server bundles     
Initial chunk files | Names                  | Raw size
main.server.mjs     | main.server            | 53.52 kB | 

Lazy chunk files    | Names                  | Raw size
chunk-T5FQIJ3B.mjs  | non-admin-pages-module | 76.82 kB | 

Application bundle generation complete. [0.322 seconds]

[33m▲ [43;33m[[43;30mWARNING[43;33m][0m [1mDeprecation[0m [1m[35m[plugin angular-sass][0m

    src/styles.scss:2:8:
[37m      2 │ @import [32m[37m'./variables.scss';
        ╵         [32m^[0m


  Sass @import rules are deprecated and will be removed in Dart Sass 3.0.0.
  
  More info and automated migrator: [4mhttps://sass-lang.com/d/import[0m

  The plugin "angular-sass" was triggered by this import

    angular:styles/global:styles:2:8:
[37m      2 │ @import [32m'src/styles.scss'[37m;
        ╵         [32m~~~~~~~~~~~~~~~~~[0m


Component update sent to client(s).
❯ Changes detected. Rebuilding...
✔ Changes detected. Rebuilding...
Browser bundles    
Initial chunk files | Names                  | Raw size
main.js             | main                   | 52.31 kB | 

Lazy chunk files    | Names                  | Raw size
chunk-MRFYTL2X.js   | non-admin-pages-module | 76.79 kB | 


Server bundles     
Initial chunk files | Names                  | Raw size
main.server.mjs     | main.server            | 53.52 kB | 

Lazy chunk files    | Names                  | Raw size
chunk-XXBZDKAY.mjs  | non-admin-pages-module | 76.83 kB | 

Application bundle generation complete. [0.304 seconds]

[33m▲ [43;33m[[43;30mWARNING[43;33m][0m [1mDeprecation[0m [1m[35m[plugin angular-sass][0m

    src/styles.scss:2:8:
[37m      2 │ @import [32m[37m'./variables.scss';
        ╵         [32m^[0m


  Sass @import rules are deprecated and will be removed in Dart Sass 3.0.0.
  
  More info and automated migrator: [4mhttps://sass-lang.com/d/import[0m

  The plugin "angular-sass" was triggered by this import

    angular:styles/global:styles:2:8:
[37m      2 │ @import [32m'src/styles.scss'[37m;
        ╵         [32m~~~~~~~~~~~~~~~~~[0m


Component update sent to client(s).
❯ Changes detected. Rebuilding...
✔ Changes detected. Rebuilding...
Browser bundles    
Initial chunk files | Names                  | Raw size
main.js             | main                   | 52.31 kB | 

Lazy chunk files    | Names                  | Raw size
chunk-VYO4YIT2.js   | non-admin-pages-module | 76.83 kB | 


Server bundles     
Initial chunk files | Names                  | Raw size
main.server.mjs     | main.server            | 53.52 kB | 

Lazy chunk files    | Names                  | Raw size
chunk-2SRIPRH6.mjs  | non-admin-pages-module | 76.87 kB | 

Application bundle generation complete. [0.486 seconds]

[33m▲ [43;33m[[43;30mWARNING[43;33m][0m [1mDeprecation[0m [1m[35m[plugin angular-sass][0m

    src/styles.scss:2:8:
[37m      2 │ @import [32m[37m'./variables.scss';
        ╵         [32m^[0m


  Sass @import rules are deprecated and will be removed in Dart Sass 3.0.0.
  
  More info and automated migrator: [4mhttps://sass-lang.com/d/import[0m

  The plugin "angular-sass" was triggered by this import

    angular:styles/global:styles:2:8:
[37m      2 │ @import [32m'src/styles.scss'[37m;
        ╵         [32m~~~~~~~~~~~~~~~~~[0m


Component update sent to client(s).
❯ Changes detected. Rebuilding...
✔ Changes detected. Rebuilding...
Browser bundles    
Initial chunk files | Names                  | Raw size
main.js             | main                   | 52.31 kB | 

Lazy chunk files    | Names                  | Raw size
chunk-S3DRJCPI.js   | non-admin-pages-module | 77.16 kB | 


Server bundles     
Initial chunk files | Names                  | Raw size
main.server.mjs     | main.server            | 53.52 kB | 

Lazy chunk files    | Names                  | Raw size
chunk-PRXIW4OR.mjs  | non-admin-pages-module | 77.20 kB | 

Application bundle generation complete. [0.624 seconds]

[33m▲ [43;33m[[43;30mWARNING[43;33m][0m [1mDeprecation[0m [1m[35m[plugin angular-sass][0m

    src/styles.scss:2:8:
[37m      2 │ @import [32m[37m'./variables.scss';
        ╵         [32m^[0m


  Sass @import rules are deprecated and will be removed in Dart Sass 3.0.0.
  
  More info and automated migrator: [4mhttps://sass-lang.com/d/import[0m

  The plugin "angular-sass" was triggered by this import

    angular:styles/global:styles:2:8:
[37m      2 │ @import [32m'src/styles.scss'[37m;
        ╵         [32m~~~~~~~~~~~~~~~~~[0m


Component update sent to client(s).
❯ Changes detected. Rebuilding...
✔ Changes detected. Rebuilding...
Browser bundles    
Initial chunk files | Names                  | Raw size
main.js             | main                   | 52.31 kB | 

Lazy chunk files    | Names                  | Raw size
chunk-UBHD2YO3.js   | non-admin-pages-module | 77.21 kB | 


Server bundles     
Initial chunk files | Names                  | Raw size
main.server.mjs     | main.server            | 53.52 kB | 

Lazy chunk files    | Names                  | Raw size
chunk-WXH6VHLT.mjs  | non-admin-pages-module | 77.24 kB | 

Application bundle generation complete. [0.396 seconds]

[33m▲ [43;33m[[43;30mWARNING[43;33m][0m [1mDeprecation[0m [1m[35m[plugin angular-sass][0m

    src/styles.scss:2:8:
[37m      2 │ @import [32m[37m'./variables.scss';
        ╵         [32m^[0m


  Sass @import rules are deprecated and will be removed in Dart Sass 3.0.0.
  
  More info and automated migrator: [4mhttps://sass-lang.com/d/import[0m

  The plugin "angular-sass" was triggered by this import

    angular:styles/global:styles:2:8:
[37m      2 │ @import [32m'src/styles.scss'[37m;
        ╵         [32m~~~~~~~~~~~~~~~~~[0m


Component update sent to client(s).
❯ Changes detected. Rebuilding...
✔ Changes detected. Rebuilding...
Browser bundles    
Initial chunk files | Names                  | Raw size
main.js             | main                   | 52.31 kB | 

Lazy chunk files    | Names                  | Raw size
chunk-6I2IN3YK.js   | non-admin-pages-module | 77.21 kB | 


Server bundles     
Initial chunk files | Names                  | Raw size
main.server.mjs     | main.server            | 53.52 kB | 

Lazy chunk files    | Names                  | Raw size
chunk-CRSTCWSS.mjs  | non-admin-pages-module | 77.24 kB | 

Application bundle generation complete. [0.495 seconds]

[33m▲ [43;33m[[43;30mWARNING[43;33m][0m [1mDeprecation[0m [1m[35m[plugin angular-sass][0m

    src/styles.scss:2:8:
[37m      2 │ @import [32m[37m'./variables.scss';
        ╵         [32m^[0m


  Sass @import rules are deprecated and will be removed in Dart Sass 3.0.0.
  
  More info and automated migrator: [4mhttps://sass-lang.com/d/import[0m

  The plugin "angular-sass" was triggered by this import

    angular:styles/global:styles:2:8:
[37m      2 │ @import [32m'src/styles.scss'[37m;
        ╵         [32m~~~~~~~~~~~~~~~~~[0m


Component update sent to client(s).
❯ Changes detected. Rebuilding...
✔ Changes detected. Rebuilding...
Browser bundles    
Initial chunk files | Names                  | Raw size
main.js             | main                   | 52.31 kB | 

Lazy chunk files    | Names                  | Raw size
chunk-OSNXLNTE.js   | non-admin-pages-module | 77.29 kB | 


Server bundles     
Initial chunk files | Names                  | Raw size
main.server.mjs     | main.server            | 53.52 kB | 

Lazy chunk files    | Names                  | Raw size
chunk-D2RBOTDX.mjs  | non-admin-pages-module | 77.33 kB | 

Application bundle generation complete. [0.352 seconds]

[33m▲ [43;33m[[43;30mWARNING[43;33m][0m [1mDeprecation[0m [1m[35m[plugin angular-sass][0m

    src/styles.scss:2:8:
[37m      2 │ @import [32m[37m'./variables.scss';
        ╵         [32m^[0m


  Sass @import rules are deprecated and will be removed in Dart Sass 3.0.0.
  
  More info and automated migrator: [4mhttps://sass-lang.com/d/import[0m

  The plugin "angular-sass" was triggered by this import

    angular:styles/global:styles:2:8:
[37m      2 │ @import [32m'src/styles.scss'[37m;
        ╵         [32m~~~~~~~~~~~~~~~~~[0m


Component update sent to client(s).
❯ Changes detected. Rebuilding...
✔ Changes detected. Rebuilding...
Browser bundles    
Initial chunk files | Names                  | Raw size
main.js             | main                   | 52.31 kB | 

Lazy chunk files    | Names                  | Raw size
chunk-FCKGPYS2.js   | non-admin-pages-module | 77.30 kB | 


Server bundles     
Initial chunk files | Names                  | Raw size
main.server.mjs     | main.server            | 53.52 kB | 

Lazy chunk files    | Names                  | Raw size
chunk-BVMCLTMY.mjs  | non-admin-pages-module | 77.33 kB | 

Application bundle generation complete. [0.531 seconds]

[33m▲ [43;33m[[43;30mWARNING[43;33m][0m [1mDeprecation[0m [1m[35m[plugin angular-sass][0m

    src/styles.scss:2:8:
[37m      2 │ @import [32m[37m'./variables.scss';
        ╵         [32m^[0m


  Sass @import rules are deprecated and will be removed in Dart Sass 3.0.0.
  
  More info and automated migrator: [4mhttps://sass-lang.com/d/import[0m

  The plugin "angular-sass" was triggered by this import

    angular:styles/global:styles:2:8:
[37m      2 │ @import [32m'src/styles.scss'[37m;
        ╵         [32m~~~~~~~~~~~~~~~~~[0m


Component update sent to client(s).
❯ Changes detected. Rebuilding...
✔ Changes detected. Rebuilding...
Browser bundles    
Initial chunk files | Names                  | Raw size
main.js             | main                   | 52.31 kB | 

Lazy chunk files    | Names                  | Raw size
chunk-RKFJ6JKY.js   | non-admin-pages-module | 77.30 kB | 


Server bundles     
Initial chunk files | Names                  | Raw size
main.server.mjs     | main.server            | 53.52 kB | 

Lazy chunk files    | Names                  | Raw size
chunk-AMLSH72H.mjs  | non-admin-pages-module | 77.33 kB | 

Application bundle generation complete. [0.391 seconds]

[33m▲ [43;33m[[43;30mWARNING[43;33m][0m [1mDeprecation[0m [1m[35m[plugin angular-sass][0m

    src/styles.scss:2:8:
[37m      2 │ @import [32m[37m'./variables.scss';
        ╵         [32m^[0m


  Sass @import rules are deprecated and will be removed in Dart Sass 3.0.0.
  
  More info and automated migrator: [4mhttps://sass-lang.com/d/import[0m

  The plugin "angular-sass" was triggered by this import

    angular:styles/global:styles:2:8:
[37m      2 │ @import [32m'src/styles.scss'[37m;
        ╵         [32m~~~~~~~~~~~~~~~~~[0m


Component update sent to client(s).
❯ Changes detected. Rebuilding...
✔ Changes detected. Rebuilding...
Browser bundles    
Initial chunk files | Names                  | Raw size
main.js             | main                   | 52.31 kB | 

Lazy chunk files    | Names                  | Raw size
chunk-CN2UNVRQ.js   | non-admin-pages-module | 77.30 kB | 


Server bundles     
Initial chunk files | Names                  | Raw size
main.server.mjs     | main.server            | 53.52 kB | 

Lazy chunk files    | Names                  | Raw size
chunk-FF2RXUEP.mjs  | non-admin-pages-module | 77.33 kB | 

Application bundle generation complete. [0.328 seconds]

[33m▲ [43;33m[[43;30mWARNING[43;33m][0m [1mDeprecation[0m [1m[35m[plugin angular-sass][0m

    src/styles.scss:2:8:
[37m      2 │ @import [32m[37m'./variables.scss';
        ╵         [32m^[0m


  Sass @import rules are deprecated and will be removed in Dart Sass 3.0.0.
  
  More info and automated migrator: [4mhttps://sass-lang.com/d/import[0m

  The plugin "angular-sass" was triggered by this import

    angular:styles/global:styles:2:8:
[37m      2 │ @import [32m'src/styles.scss'[37m;
        ╵         [32m~~~~~~~~~~~~~~~~~[0m


Component update sent to client(s).
❯ Changes detected. Rebuilding...
✔ Changes detected. Rebuilding...
Browser bundles    
Initial chunk files | Names                  | Raw size
main.js             | main                   | 52.31 kB | 

Lazy chunk files    | Names                  | Raw size
chunk-HUZU5E5L.js   | non-admin-pages-module | 77.30 kB | 


Server bundles     
Initial chunk files | Names                  | Raw size
main.server.mjs     | main.server            | 53.52 kB | 

Lazy chunk files    | Names                  | Raw size
chunk-EQMZJZ3W.mjs  | non-admin-pages-module | 77.33 kB | 

Application bundle generation complete. [0.531 seconds]

[33m▲ [43;33m[[43;30mWARNING[43;33m][0m [1mDeprecation[0m [1m[35m[plugin angular-sass][0m

    src/styles.scss:2:8:
[37m      2 │ @import [32m[37m'./variables.scss';
        ╵         [32m^[0m


  Sass @import rules are deprecated and will be removed in Dart Sass 3.0.0.
  
  More info and automated migrator: [4mhttps://sass-lang.com/d/import[0m

  The plugin "angular-sass" was triggered by this import

    angular:styles/global:styles:2:8:
[37m      2 │ @import [32m'src/styles.scss'[37m;
        ╵         [32m~~~~~~~~~~~~~~~~~[0m


Component update sent to client(s).
❯ Changes detected. Rebuilding...
✔ Changes detected. Rebuilding...
Browser bundles    
Initial chunk files | Names                  | Raw size
main.js             | main                   | 52.31 kB | 

Lazy chunk files    | Names                  | Raw size
chunk-UYQBFEXG.js   | non-admin-pages-module | 77.34 kB | 


Server bundles     
Initial chunk files | Names                  | Raw size
main.server.mjs     | main.server            | 53.52 kB | 

Lazy chunk files    | Names                  | Raw size
chunk-KBPKP5AY.mjs  | non-admin-pages-module | 77.38 kB | 

Application bundle generation complete. [0.391 seconds]

[33m▲ [43;33m[[43;30mWARNING[43;33m][0m [1mDeprecation[0m [1m[35m[plugin angular-sass][0m

    src/styles.scss:2:8:
[37m      2 │ @import [32m[37m'./variables.scss';
        ╵         [32m^[0m


  Sass @import rules are deprecated and will be removed in Dart Sass 3.0.0.
  
  More info and automated migrator: [4mhttps://sass-lang.com/d/import[0m

  The plugin "angular-sass" was triggered by this import

    angular:styles/global:styles:2:8:
[37m      2 │ @import [32m'src/styles.scss'[37m;
        ╵         [32m~~~~~~~~~~~~~~~~~[0m


Component update sent to client(s).
❯ Changes detected. Rebuilding...
✔ Changes detected. Rebuilding...
Browser bundles    
Initial chunk files | Names                  | Raw size
main.js             | main                   | 52.31 kB | 

Lazy chunk files    | Names                  | Raw size
chunk-5GCAB7Y4.js   | non-admin-pages-module | 77.38 kB | 


Server bundles     
Initial chunk files | Names                  | Raw size
main.server.mjs     | main.server            | 53.52 kB | 

Lazy chunk files    | Names                  | Raw size
chunk-ELN5T2JF.mjs  | non-admin-pages-module | 77.42 kB | 

Application bundle generation complete. [0.325 seconds]

[33m▲ [43;33m[[43;30mWARNING[43;33m][0m [1mDeprecation[0m [1m[35m[plugin angular-sass][0m

    src/styles.scss:2:8:
[37m      2 │ @import [32m[37m'./variables.scss';
        ╵         [32m^[0m


  Sass @import rules are deprecated and will be removed in Dart Sass 3.0.0.
  
  More info and automated migrator: [4mhttps://sass-lang.com/d/import[0m

  The plugin "angular-sass" was triggered by this import

    angular:styles/global:styles:2:8:
[37m      2 │ @import [32m'src/styles.scss'[37m;
        ╵         [32m~~~~~~~~~~~~~~~~~[0m


Component update sent to client(s).
❯ Changes detected. Rebuilding...
✔ Changes detected. Rebuilding...
Browser bundles    
Initial chunk files | Names                  | Raw size
main.js             | main                   | 52.31 kB | 

Lazy chunk files    | Names                  | Raw size
chunk-UYQBFEXG.js   | non-admin-pages-module | 77.34 kB | 


Server bundles     
Initial chunk files | Names                  | Raw size
main.server.mjs     | main.server            | 53.52 kB | 

Lazy chunk files    | Names                  | Raw size
chunk-KBPKP5AY.mjs  | non-admin-pages-module | 77.38 kB | 

Application bundle generation complete. [0.466 seconds]

[33m▲ [43;33m[[43;30mWARNING[43;33m][0m [1mDeprecation[0m [1m[35m[plugin angular-sass][0m

    src/styles.scss:2:8:
[37m      2 │ @import [32m[37m'./variables.scss';
        ╵         [32m^[0m


  Sass @import rules are deprecated and will be removed in Dart Sass 3.0.0.
  
  More info and automated migrator: [4mhttps://sass-lang.com/d/import[0m

  The plugin "angular-sass" was triggered by this import

    angular:styles/global:styles:2:8:
[37m      2 │ @import [32m'src/styles.scss'[37m;
        ╵         [32m~~~~~~~~~~~~~~~~~[0m


Component update sent to client(s).
❯ Changes detected. Rebuilding...
✔ Changes detected. Rebuilding...
Browser bundles    
Initial chunk files | Names                  | Raw size
main.js             | main                   | 52.31 kB | 

Lazy chunk files    | Names                  | Raw size
chunk-P3H3QTB6.js   | non-admin-pages-module | 77.34 kB | 


Server bundles     
Initial chunk files | Names                  | Raw size
main.server.mjs     | main.server            | 53.52 kB | 

Lazy chunk files    | Names                  | Raw size
chunk-FDP4V3JM.mjs  | non-admin-pages-module | 77.38 kB | 

Application bundle generation complete. [0.479 seconds]

[33m▲ [43;33m[[43;30mWARNING[43;33m][0m [1mDeprecation[0m [1m[35m[plugin angular-sass][0m

    src/styles.scss:2:8:
[37m      2 │ @import [32m[37m'./variables.scss';
        ╵         [32m^[0m


  Sass @import rules are deprecated and will be removed in Dart Sass 3.0.0.
  
  More info and automated migrator: [4mhttps://sass-lang.com/d/import[0m

  The plugin "angular-sass" was triggered by this import

    angular:styles/global:styles:2:8:
[37m      2 │ @import [32m'src/styles.scss'[37m;
        ╵         [32m~~~~~~~~~~~~~~~~~[0m


Component update sent to client(s).
❯ Changes detected. Rebuilding...
✔ Changes detected. Rebuilding...
Browser bundles    
Initial chunk files | Names                  | Raw size
main.js             | main                   | 52.31 kB | 

Lazy chunk files    | Names                  | Raw size
chunk-PZRDQAZO.js   | non-admin-pages-module | 77.59 kB | 


Server bundles     
Initial chunk files | Names                  | Raw size
main.server.mjs     | main.server            | 53.52 kB | 

Lazy chunk files    | Names                  | Raw size
chunk-W3CMRQZC.mjs  | non-admin-pages-module | 77.63 kB | 

Application bundle generation complete. [0.308 seconds]

[33m▲ [43;33m[[43;30mWARNING[43;33m][0m [1mDeprecation[0m [1m[35m[plugin angular-sass][0m

    src/styles.scss:2:8:
[37m      2 │ @import [32m[37m'./variables.scss';
        ╵         [32m^[0m


  Sass @import rules are deprecated and will be removed in Dart Sass 3.0.0.
  
  More info and automated migrator: [4mhttps://sass-lang.com/d/import[0m

  The plugin "angular-sass" was triggered by this import

    angular:styles/global:styles:2:8:
[37m      2 │ @import [32m'src/styles.scss'[37m;
        ╵         [32m~~~~~~~~~~~~~~~~~[0m


Component update sent to client(s).
❯ Changes detected. Rebuilding...
✔ Changes detected. Rebuilding...
Browser bundles    
Initial chunk files | Names                  | Raw size
main.js             | main                   | 52.31 kB | 

Lazy chunk files    | Names                  | Raw size
chunk-S4I3W7VP.js   | non-admin-pages-module | 77.90 kB | 


Server bundles     
Initial chunk files | Names                  | Raw size
main.server.mjs     | main.server            | 53.52 kB | 

Lazy chunk files    | Names                  | Raw size
chunk-4VFL6BDW.mjs  | non-admin-pages-module | 77.93 kB | 

Application bundle generation complete. [0.398 seconds]

[33m▲ [43;33m[[43;30mWARNING[43;33m][0m [1mDeprecation[0m [1m[35m[plugin angular-sass][0m

    src/styles.scss:2:8:
[37m      2 │ @import [32m[37m'./variables.scss';
        ╵         [32m^[0m


  Sass @import rules are deprecated and will be removed in Dart Sass 3.0.0.
  
  More info and automated migrator: [4mhttps://sass-lang.com/d/import[0m

  The plugin "angular-sass" was triggered by this import

    angular:styles/global:styles:2:8:
[37m      2 │ @import [32m'src/styles.scss'[37m;
        ╵         [32m~~~~~~~~~~~~~~~~~[0m


Page reload sent to client(s).
❯ Changes detected. Rebuilding...
✔ Changes detected. Rebuilding...
Browser bundles    
Initial chunk files | Names                  | Raw size
main.js             | main                   | 52.31 kB | 

Lazy chunk files    | Names                  | Raw size
chunk-RYR7XT5E.js   | non-admin-pages-module | 79.90 kB | 


Server bundles     
Initial chunk files | Names                  | Raw size
main.server.mjs     | main.server            | 53.52 kB | 

Lazy chunk files    | Names                  | Raw size
chunk-6SH6TSS4.mjs  | non-admin-pages-module | 79.94 kB | 

Application bundle generation complete. [0.337 seconds]

[33m▲ [43;33m[[43;30mWARNING[43;33m][0m [1mDeprecation[0m [1m[35m[plugin angular-sass][0m

    src/styles.scss:2:8:
[37m      2 │ @import [32m[37m'./variables.scss';
        ╵         [32m^[0m


  Sass @import rules are deprecated and will be removed in Dart Sass 3.0.0.
  
  More info and automated migrator: [4mhttps://sass-lang.com/d/import[0m

  The plugin "angular-sass" was triggered by this import

    angular:styles/global:styles:2:8:
[37m      2 │ @import [32m'src/styles.scss'[37m;
        ╵         [32m~~~~~~~~~~~~~~~~~[0m


Component update sent to client(s).
❯ Changes detected. Rebuilding...
✔ Changes detected. Rebuilding...
Application bundle generation failed. [0.474 seconds]

[33m▲ [43;33m[[43;30mWARNING[43;33m][0m [1mDeprecation[0m [1m[35m[plugin angular-sass][0m

    src/styles.scss:2:8:
[37m      2 │ @import [32m[37m'./variables.scss';
        ╵         [32m^[0m


  Sass @import rules are deprecated and will be removed in Dart Sass 3.0.0.
  
  More info and automated migrator: [4mhttps://sass-lang.com/d/import[0m

  The plugin "angular-sass" was triggered by this import

    angular:styles/global:styles:2:8:
[37m      2 │ @import [32m'src/styles.scss'[37m;
        ╵         [32m~~~~~~~~~~~~~~~~~[0m


[31m✘ [41;31m[[41;97mERROR[41;31m][0m [1mNG4: Expected 0 arguments, but got 1.[0m [1m[35m[plugin angular-compiler][0m

    src/app/pages/non-admin-pages/user-profile/user-profile.html:9:34:
[37m      9 │      (click)="onPhotoWrapperClick([32m$event[37m)">
        ╵                                   [32m~~~~~~[0m

  Error occurs in the template of component UserProfileComponent.

    src/app/pages/non-admin-pages/user-profile/user-profile.ts:12:15:
[37m      12 │   templateUrl: [32m'./user-profile.html'[37m,
         ╵                [32m~~~~~~~~~~~~~~~~~~~~~[0m


[31m✘ [41;31m[[41;97mERROR[41;31m][0m [1mNG9: Property 'onOverlayClick' does not exist on type 'UserProfileComponent'.[0m [1m[35m[plugin angular-compiler][0m

    src/app/pages/non-admin-pages/user-profile/user-profile.html:21:60:
[37m      21 │ ...mera-overlay" *ngIf="hoverPhoto" (click)="[32monOverlayClick[37m($event)">
         ╵                                              [32m~~~~~~~~~~~~~~[0m

  Error occurs in the template of component UserProfileComponent.

    src/app/pages/non-admin-pages/user-profile/user-profile.ts:12:15:
[37m      12 │   templateUrl: [32m'./user-profile.html'[37m,
         ╵                [32m~~~~~~~~~~~~~~~~~~~~~[0m


❯ Changes detected. Rebuilding...
✔ Changes detected. Rebuilding...
Application bundle generation failed. [0.300 seconds]

[33m▲ [43;33m[[43;30mWARNING[43;33m][0m [1mDeprecation[0m [1m[35m[plugin angular-sass][0m

    src/styles.scss:2:8:
[37m      2 │ @import [32m[37m'./variables.scss';
        ╵         [32m^[0m


  Sass @import rules are deprecated and will be removed in Dart Sass 3.0.0.
  
  More info and automated migrator: [4mhttps://sass-lang.com/d/import[0m

  The plugin "angular-sass" was triggered by this import

    angular:styles/global:styles:2:8:
[37m      2 │ @import [32m'src/styles.scss'[37m;
        ╵         [32m~~~~~~~~~~~~~~~~~[0m


[31m✘ [41;31m[[41;97mERROR[41;31m][0m [1mNG9: Property 'onMouseEnter' does not exist on type 'UserProfileComponent'.[0m [1m[35m[plugin angular-compiler][0m

    src/app/pages/non-admin-pages/user-profile/user-profile.html:7:19:
[37m      7 │      (mouseenter)="[32monMouseEnter[37m()"
        ╵                    [32m~~~~~~~~~~~~[0m

  Error occurs in the template of component UserProfileComponent.

    src/app/pages/non-admin-pages/user-profile/user-profile.ts:12:15:
[37m      12 │   templateUrl: [32m'./user-profile.html'[37m,
         ╵                [32m~~~~~~~~~~~~~~~~~~~~~[0m


[31m✘ [41;31m[[41;97mERROR[41;31m][0m [1mNG9: Property 'onMouseLeave' does not exist on type 'UserProfileComponent'.[0m [1m[35m[plugin angular-compiler][0m

    src/app/pages/non-admin-pages/user-profile/user-profile.html:8:19:
[37m      8 │      (mouseleave)="[32monMouseLeave[37m()"
        ╵                    [32m~~~~~~~~~~~~[0m

  Error occurs in the template of component UserProfileComponent.

    src/app/pages/non-admin-pages/user-profile/user-profile.ts:12:15:
[37m      12 │   templateUrl: [32m'./user-profile.html'[37m,
         ╵                [32m~~~~~~~~~~~~~~~~~~~~~[0m


❯ Changes detected. Rebuilding...
✔ Changes detected. Rebuilding...
Browser bundles     
Initial chunk files  | Names                  |  Raw size
main.js              | main                   |  52.31 kB | 
styles.css           | styles                 |   8.03 kB | 
chunk-6BTHOFVS.js    | -                      |   4.08 kB | 
polyfills.js         | polyfills              |  95 bytes | 

                     | Initial total          |  64.51 kB

Lazy chunk files     | Names                  |  Raw size
chunk-DNHECJQF.js    | non-admin-pages-module |  79.33 kB | 
chunk-VLUI37MW.js    | admin-pages-module     |  72.78 kB | 


Server bundles      
Initial chunk files  | Names                  |  Raw size
main.server.mjs      | main.server            |  53.52 kB | 
chunk-RZLJ6I6E.mjs   | -                      |   4.11 kB | 
server.mjs           | server                 |   1.79 kB | 
polyfills.server.mjs | polyfills.server       | 266 bytes | 

Lazy chunk files     | Names                  |  Raw size
chunk-XUYQW5MA.mjs   | non-admin-pages-module |  79.37 kB | 
chunk-DZMCFC6X.mjs   | admin-pages-module     |  72.81 kB | 

Application bundle generation complete. [0.470 seconds]

[33m▲ [43;33m[[43;30mWARNING[43;33m][0m [1mDeprecation[0m [1m[35m[plugin angular-sass][0m

    src/styles.scss:2:8:
[37m      2 │ @import [32m[37m'./variables.scss';
        ╵         [32m^[0m


  Sass @import rules are deprecated and will be removed in Dart Sass 3.0.0.
  
  More info and automated migrator: [4mhttps://sass-lang.com/d/import[0m

  The plugin "angular-sass" was triggered by this import

    angular:styles/global:styles:2:8:
[37m      2 │ @import [32m'src/styles.scss'[37m;
        ╵         [32m~~~~~~~~~~~~~~~~~[0m


Page reload sent to client(s).
❯ Changes detected. Rebuilding...
✔ Changes detected. Rebuilding...
Application bundle generation failed. [0.502 seconds]

[33m▲ [43;33m[[43;30mWARNING[43;33m][0m [1mDeprecation[0m [1m[35m[plugin angular-sass][0m

    src/styles.scss:2:8:
[37m      2 │ @import [32m[37m'./variables.scss';
        ╵         [32m^[0m


  Sass @import rules are deprecated and will be removed in Dart Sass 3.0.0.
  
  More info and automated migrator: [4mhttps://sass-lang.com/d/import[0m

  The plugin "angular-sass" was triggered by this import

    angular:styles/global:styles:2:8:
[37m      2 │ @import [32m'src/styles.scss'[37m;
        ╵         [32m~~~~~~~~~~~~~~~~~[0m


[31m✘ [41;31m[[41;97mERROR[41;31m][0m [1mNG9: Property 'onPhotoWrapperClick' does not exist on type 'UserProfileComponent'.[0m [1m[35m[plugin angular-compiler][0m

    src/app/pages/non-admin-pages/user-profile/user-profile.html:7:14:
[37m      7 │      (click)="[32monPhotoWrapperClick[37m($event)">
        ╵               [32m~~~~~~~~~~~~~~~~~~~[0m

  Error occurs in the template of component UserProfileComponent.

    src/app/pages/non-admin-pages/user-profile/user-profile.ts:12:15:
[37m      12 │   templateUrl: [32m'./user-profile.html'[37m,
         ╵                [32m~~~~~~~~~~~~~~~~~~~~~[0m


[31m✘ [41;31m[[41;97mERROR[41;31m][0m [1mNG9: Property 'hoverPhoto' does not exist on type 'UserProfileComponent'.[0m [1m[35m[plugin angular-compiler][0m

    src/app/pages/non-admin-pages/user-profile/user-profile.html:19:39:
[37m      19 │ ...ss="camera-overlay" *ngIf="[32mhoverPhoto[37m" (click)="onOverlayClick(...
         ╵                               [32m~~~~~~~~~~[0m

  Error occurs in the template of component UserProfileComponent.

    src/app/pages/non-admin-pages/user-profile/user-profile.ts:12:15:
[37m      12 │   templateUrl: [32m'./user-profile.html'[37m,
         ╵                [32m~~~~~~~~~~~~~~~~~~~~~[0m


[31m✘ [41;31m[[41;97mERROR[41;31m][0m [1mNG9: Property 'onOverlayClick' does not exist on type 'UserProfileComponent'.[0m [1m[35m[plugin angular-compiler][0m

    src/app/pages/non-admin-pages/user-profile/user-profile.html:19:60:
[37m      19 │ ...mera-overlay" *ngIf="hoverPhoto" (click)="[32monOverlayClick[37m($event)">
         ╵                                              [32m~~~~~~~~~~~~~~[0m

  Error occurs in the template of component UserProfileComponent.

    src/app/pages/non-admin-pages/user-profile/user-profile.ts:12:15:
[37m      12 │   templateUrl: [32m'./user-profile.html'[37m,
         ╵                [32m~~~~~~~~~~~~~~~~~~~~~[0m


❯ Changes detected. Rebuilding...
✔ Changes detected. Rebuilding...
Browser bundles     
Initial chunk files  | Names                  |  Raw size
main.js              | main                   |  52.31 kB | 
styles.css           | styles                 |   8.03 kB | 
chunk-6BTHOFVS.js    | -                      |   4.08 kB | 
polyfills.js         | polyfills              |  95 bytes | 

                     | Initial total          |  64.51 kB

Lazy chunk files     | Names                  |  Raw size
chunk-N4VD7KBL.js    | non-admin-pages-module |  80.91 kB | 
chunk-VLUI37MW.js    | admin-pages-module     |  72.78 kB | 


Server bundles      
Initial chunk files  | Names                  |  Raw size
main.server.mjs      | main.server            |  53.52 kB | 
chunk-RZLJ6I6E.mjs   | -                      |   4.11 kB | 
server.mjs           | server                 |   1.79 kB | 
polyfills.server.mjs | polyfills.server       | 266 bytes | 

Lazy chunk files     | Names                  |  Raw size
chunk-FCT27XE2.mjs   | non-admin-pages-module |  80.95 kB | 
chunk-DZMCFC6X.mjs   | admin-pages-module     |  72.81 kB | 

Application bundle generation complete. [0.361 seconds]

[33m▲ [43;33m[[43;30mWARNING[43;33m][0m [1mDeprecation[0m [1m[35m[plugin angular-sass][0m

    src/styles.scss:2:8:
[37m      2 │ @import [32m[37m'./variables.scss';
        ╵         [32m^[0m


  Sass @import rules are deprecated and will be removed in Dart Sass 3.0.0.
  
  More info and automated migrator: [4mhttps://sass-lang.com/d/import[0m

  The plugin "angular-sass" was triggered by this import

    angular:styles/global:styles:2:8:
[37m      2 │ @import [32m'src/styles.scss'[37m;
        ╵         [32m~~~~~~~~~~~~~~~~~[0m


Page reload sent to client(s).
❯ Changes detected. Rebuilding...
✔ Changes detected. Rebuilding...
Browser bundles    
Initial chunk files | Names                  | Raw size
main.js             | main                   | 52.31 kB | 

Lazy chunk files    | Names                  | Raw size
chunk-OI6MKLKI.js   | non-admin-pages-module | 81.01 kB | 


Server bundles     
Initial chunk files | Names                  | Raw size
main.server.mjs     | main.server            | 53.52 kB | 

Lazy chunk files    | Names                  | Raw size
chunk-O7NNSIUQ.mjs  | non-admin-pages-module | 81.04 kB | 

Application bundle generation complete. [0.553 seconds]

[33m▲ [43;33m[[43;30mWARNING[43;33m][0m [1mDeprecation[0m [1m[35m[plugin angular-sass][0m

    src/styles.scss:2:8:
[37m      2 │ @import [32m[37m'./variables.scss';
        ╵         [32m^[0m


  Sass @import rules are deprecated and will be removed in Dart Sass 3.0.0.
  
  More info and automated migrator: [4mhttps://sass-lang.com/d/import[0m

  The plugin "angular-sass" was triggered by this import

    angular:styles/global:styles:2:8:
[37m      2 │ @import [32m'src/styles.scss'[37m;
        ╵         [32m~~~~~~~~~~~~~~~~~[0m


Component update sent to client(s).
❯ Changes detected. Rebuilding...
✔ Changes detected. Rebuilding...
Application bundle generation failed. [0.330 seconds]

[33m▲ [43;33m[[43;30mWARNING[43;33m][0m [1mDeprecation[0m [1m[35m[plugin angular-sass][0m

    src/styles.scss:2:8:
[37m      2 │ @import [32m[37m'./variables.scss';
        ╵         [32m^[0m


  Sass @import rules are deprecated and will be removed in Dart Sass 3.0.0.
  
  More info and automated migrator: [4mhttps://sass-lang.com/d/import[0m

  The plugin "angular-sass" was triggered by this import

    angular:styles/global:styles:2:8:
[37m      2 │ @import [32m'src/styles.scss'[37m;
        ╵         [32m~~~~~~~~~~~~~~~~~[0m


[31m✘ [41;31m[[41;97mERROR[41;31m][0m [1mNG9: Property 'onPhotoWrapperClick' does not exist on type 'UserProfileComponent'.[0m [1m[35m[plugin angular-compiler][0m

    src/app/pages/non-admin-pages/user-profile/user-profile.html:7:42:
[37m      7 │ ...  <div class="photo-wrapper" (click)="[32monPhotoWrapperClick[37m($event)">
        ╵                                          [32m~~~~~~~~~~~~~~~~~~~[0m

  Error occurs in the template of component UserProfileComponent.

    src/app/pages/non-admin-pages/user-profile/user-profile.ts:12:15:
[37m      12 │   templateUrl: [32m'./user-profile.html'[37m,
         ╵                [32m~~~~~~~~~~~~~~~~~~~~~[0m


[31m✘ [41;31m[[41;97mERROR[41;31m][0m [1mNG9: Property 'triggerPhotoChange' does not exist on type 'UserProfileComponent'.[0m [1m[35m[plugin angular-compiler][0m

    src/app/pages/non-admin-pages/user-profile/user-profile.html:17:58:
[37m      17 │ ...type="button" (click)="[32mtriggerPhotoChange[37m()">Update Photo</button>
         ╵                           [32m~~~~~~~~~~~~~~~~~~[0m

  Error occurs in the template of component UserProfileComponent.

    src/app/pages/non-admin-pages/user-profile/user-profile.ts:12:15:
[37m      12 │   templateUrl: [32m'./user-profile.html'[37m,
         ╵                [32m~~~~~~~~~~~~~~~~~~~~~[0m


[31m✘ [41;31m[[41;97mERROR[41;31m][0m [1mNG9: Property 'photoChanged' does not exist on type 'UserProfileComponent'.[0m [1m[35m[plugin angular-compiler][0m

    src/app/pages/non-admin-pages/user-profile/user-profile.html:40:48:
[37m      40 │     <div class="actions" *ngIf="editAltPhone || [32mphotoChanged[37m">
         ╵                                                 [32m~~~~~~~~~~~~[0m

  Error occurs in the template of component UserProfileComponent.

    src/app/pages/non-admin-pages/user-profile/user-profile.ts:12:15:
[37m      12 │   templateUrl: [32m'./user-profile.html'[37m,
         ╵                [32m~~~~~~~~~~~~~~~~~~~~~[0m


[31m✘ [41;31m[[41;97mERROR[41;31m][0m [1mNG9: Property 'saveChanges' does not exist on type 'UserProfileComponent'.[0m [1m[35m[plugin angular-compiler][0m

    src/app/pages/non-admin-pages/user-profile/user-profile.html:41:56:
[37m      41 │ ...flat-button class="btn-save" (click)="[32msaveChanges[37m()">Save</button>
         ╵                                          [32m~~~~~~~~~~~[0m

  Error occurs in the template of component UserProfileComponent.

    src/app/pages/non-admin-pages/user-profile/user-profile.ts:12:15:
[37m      12 │   templateUrl: [32m'./user-profile.html'[37m,
         ╵                [32m~~~~~~~~~~~~~~~~~~~~~[0m


❯ Changes detected. Rebuilding...
✔ Changes detected. Rebuilding...
Application bundle generation failed. [0.513 seconds]

[33m▲ [43;33m[[43;30mWARNING[43;33m][0m [1mDeprecation[0m [1m[35m[plugin angular-sass][0m

    src/styles.scss:2:8:
[37m      2 │ @import [32m[37m'./variables.scss';
        ╵         [32m^[0m


  Sass @import rules are deprecated and will be removed in Dart Sass 3.0.0.
  
  More info and automated migrator: [4mhttps://sass-lang.com/d/import[0m

  The plugin "angular-sass" was triggered by this import

    angular:styles/global:styles:2:8:
[37m      2 │ @import [32m'src/styles.scss'[37m;
        ╵         [32m~~~~~~~~~~~~~~~~~[0m


[31m✘ [41;31m[[41;97mERROR[41;31m][0m [1mNG9: Property 'onPhotoWrapperClick' does not exist on type 'UserProfileComponent'.[0m [1m[35m[plugin angular-compiler][0m

    src/app/pages/non-admin-pages/user-profile/user-profile.html:7:42:
[37m      7 │ ...  <div class="photo-wrapper" (click)="[32monPhotoWrapperClick[37m($event)">
        ╵                                          [32m~~~~~~~~~~~~~~~~~~~[0m

  Error occurs in the template of component UserProfileComponent.

    src/app/pages/non-admin-pages/user-profile/user-profile.ts:12:15:
[37m      12 │   templateUrl: [32m'./user-profile.html'[37m,
         ╵                [32m~~~~~~~~~~~~~~~~~~~~~[0m


[31m✘ [41;31m[[41;97mERROR[41;31m][0m [1mNG9: Property 'triggerPhotoChange' does not exist on type 'UserProfileComponent'.[0m [1m[35m[plugin angular-compiler][0m

    src/app/pages/non-admin-pages/user-profile/user-profile.html:17:58:
[37m      17 │ ...type="button" (click)="[32mtriggerPhotoChange[37m()">Update Photo</button>
         ╵                           [32m~~~~~~~~~~~~~~~~~~[0m

  Error occurs in the template of component UserProfileComponent.

    src/app/pages/non-admin-pages/user-profile/user-profile.ts:12:15:
[37m      12 │   templateUrl: [32m'./user-profile.html'[37m,
         ╵                [32m~~~~~~~~~~~~~~~~~~~~~[0m


[31m✘ [41;31m[[41;97mERROR[41;31m][0m [1mNG9: Property 'photoChanged' does not exist on type 'UserProfileComponent'.[0m [1m[35m[plugin angular-compiler][0m

    src/app/pages/non-admin-pages/user-profile/user-profile.html:40:48:
[37m      40 │     <div class="actions" *ngIf="editAltPhone || [32mphotoChanged[37m">
         ╵                                                 [32m~~~~~~~~~~~~[0m

  Error occurs in the template of component UserProfileComponent.

    src/app/pages/non-admin-pages/user-profile/user-profile.ts:12:15:
[37m      12 │   templateUrl: [32m'./user-profile.html'[37m,
         ╵                [32m~~~~~~~~~~~~~~~~~~~~~[0m


[31m✘ [41;31m[[41;97mERROR[41;31m][0m [1mNG9: Property 'saveChanges' does not exist on type 'UserProfileComponent'.[0m [1m[35m[plugin angular-compiler][0m

    src/app/pages/non-admin-pages/user-profile/user-profile.html:41:56:
[37m      41 │ ...flat-button class="btn-save" (click)="[32msaveChanges[37m()">Save</button>
         ╵                                          [32m~~~~~~~~~~~[0m

  Error occurs in the template of component UserProfileComponent.

    src/app/pages/non-admin-pages/user-profile/user-profile.ts:12:15:
[37m      12 │   templateUrl: [32m'./user-profile.html'[37m,
         ╵                [32m~~~~~~~~~~~~~~~~~~~~~[0m


❯ Changes detected. Rebuilding...
✔ Changes detected. Rebuilding...
Application bundle generation failed. [0.275 seconds]

[33m▲ [43;33m[[43;30mWARNING[43;33m][0m [1mDeprecation[0m [1m[35m[plugin angular-sass][0m

    src/styles.scss:2:8:
[37m      2 │ @import [32m[37m'./variables.scss';
        ╵         [32m^[0m


  Sass @import rules are deprecated and will be removed in Dart Sass 3.0.0.
  
  More info and automated migrator: [4mhttps://sass-lang.com/d/import[0m

  The plugin "angular-sass" was triggered by this import

    angular:styles/global:styles:2:8:
[37m      2 │ @import [32m'src/styles.scss'[37m;
        ╵         [32m~~~~~~~~~~~~~~~~~[0m


[31m✘ [41;31m[[41;97mERROR[41;31m][0m [1mNG9: Property 'onPhotoWrapperClick' does not exist on type 'UserProfileComponent'.[0m [1m[35m[plugin angular-compiler][0m

    src/app/pages/non-admin-pages/user-profile/user-profile.html:7:42:
[37m      7 │ ...  <div class="photo-wrapper" (click)="[32monPhotoWrapperClick[37m($event)">
        ╵                                          [32m~~~~~~~~~~~~~~~~~~~[0m

  Error occurs in the template of component UserProfileComponent.

    src/app/pages/non-admin-pages/user-profile/user-profile.ts:12:15:
[37m      12 │   templateUrl: [32m'./user-profile.html'[37m,
         ╵                [32m~~~~~~~~~~~~~~~~~~~~~[0m


[31m✘ [41;31m[[41;97mERROR[41;31m][0m [1mNG9: Property 'photoChanged' does not exist on type 'UserProfileComponent'.[0m [1m[35m[plugin angular-compiler][0m

    src/app/pages/non-admin-pages/user-profile/user-profile.html:40:48:
[37m      40 │     <div class="actions" *ngIf="editAltPhone || [32mphotoChanged[37m">
         ╵                                                 [32m~~~~~~~~~~~~[0m

  Error occurs in the template of component UserProfileComponent.

    src/app/pages/non-admin-pages/user-profile/user-profile.ts:12:15:
[37m      12 │   templateUrl: [32m'./user-profile.html'[37m,
         ╵                [32m~~~~~~~~~~~~~~~~~~~~~[0m


[31m✘ [41;31m[[41;97mERROR[41;31m][0m [1mNG9: Property 'saveChanges' does not exist on type 'UserProfileComponent'.[0m [1m[35m[plugin angular-compiler][0m

    src/app/pages/non-admin-pages/user-profile/user-profile.html:41:56:
[37m      41 │ ...flat-button class="btn-save" (click)="[32msaveChanges[37m()">Save</button>
         ╵                                          [32m~~~~~~~~~~~[0m

  Error occurs in the template of component UserProfileComponent.

    src/app/pages/non-admin-pages/user-profile/user-profile.ts:12:15:
[37m      12 │   templateUrl: [32m'./user-profile.html'[37m,
         ╵                [32m~~~~~~~~~~~~~~~~~~~~~[0m


❯ Changes detected. Rebuilding...
✔ Changes detected. Rebuilding...
Application bundle generation failed. [0.247 seconds]

[33m▲ [43;33m[[43;30mWARNING[43;33m][0m [1mDeprecation[0m [1m[35m[plugin angular-sass][0m

    src/styles.scss:2:8:
[37m      2 │ @import [32m[37m'./variables.scss';
        ╵         [32m^[0m


  Sass @import rules are deprecated and will be removed in Dart Sass 3.0.0.
  
  More info and automated migrator: [4mhttps://sass-lang.com/d/import[0m

  The plugin "angular-sass" was triggered by this import

    angular:styles/global:styles:2:8:
[37m      2 │ @import [32m'src/styles.scss'[37m;
        ╵         [32m~~~~~~~~~~~~~~~~~[0m


[31m✘ [41;31m[[41;97mERROR[41;31m][0m [1mNG9: Property 'onPhotoWrapperClick' does not exist on type 'UserProfileComponent'.[0m [1m[35m[plugin angular-compiler][0m

    src/app/pages/non-admin-pages/user-profile/user-profile.html:7:42:
[37m      7 │ ...  <div class="photo-wrapper" (click)="[32monPhotoWrapperClick[37m($event)">
        ╵                                          [32m~~~~~~~~~~~~~~~~~~~[0m

  Error occurs in the template of component UserProfileComponent.

    src/app/pages/non-admin-pages/user-profile/user-profile.ts:12:15:
[37m      12 │   templateUrl: [32m'./user-profile.html'[37m,
         ╵                [32m~~~~~~~~~~~~~~~~~~~~~[0m


[31m✘ [41;31m[[41;97mERROR[41;31m][0m [1mNG9: Property 'photoChanged' does not exist on type 'UserProfileComponent'.[0m [1m[35m[plugin angular-compiler][0m

    src/app/pages/non-admin-pages/user-profile/user-profile.html:40:48:
[37m      40 │     <div class="actions" *ngIf="editAltPhone || [32mphotoChanged[37m">
         ╵                                                 [32m~~~~~~~~~~~~[0m

  Error occurs in the template of component UserProfileComponent.

    src/app/pages/non-admin-pages/user-profile/user-profile.ts:12:15:
[37m      12 │   templateUrl: [32m'./user-profile.html'[37m,
         ╵                [32m~~~~~~~~~~~~~~~~~~~~~[0m


[31m✘ [41;31m[[41;97mERROR[41;31m][0m [1mNG9: Property 'saveChanges' does not exist on type 'UserProfileComponent'.[0m [1m[35m[plugin angular-compiler][0m

    src/app/pages/non-admin-pages/user-profile/user-profile.html:41:56:
[37m      41 │ ...flat-button class="btn-save" (click)="[32msaveChanges[37m()">Save</button>
         ╵                                          [32m~~~~~~~~~~~[0m

  Error occurs in the template of component UserProfileComponent.

    src/app/pages/non-admin-pages/user-profile/user-profile.ts:12:15:
[37m      12 │   templateUrl: [32m'./user-profile.html'[37m,
         ╵                [32m~~~~~~~~~~~~~~~~~~~~~[0m


❯ Changes detected. Rebuilding...
✔ Changes detected. Rebuilding...
Application bundle generation failed. [0.417 seconds]

[33m▲ [43;33m[[43;30mWARNING[43;33m][0m [1mDeprecation[0m [1m[35m[plugin angular-sass][0m

    src/styles.scss:2:8:
[37m      2 │ @import [32m[37m'./variables.scss';
        ╵         [32m^[0m


  Sass @import rules are deprecated and will be removed in Dart Sass 3.0.0.
  
  More info and automated migrator: [4mhttps://sass-lang.com/d/import[0m

  The plugin "angular-sass" was triggered by this import

    angular:styles/global:styles:2:8:
[37m      2 │ @import [32m'src/styles.scss'[37m;
        ╵         [32m~~~~~~~~~~~~~~~~~[0m


[31m✘ [41;31m[[41;97mERROR[41;31m][0m [1mNG9: Property 'onPhotoWrapperClick' does not exist on type 'UserProfileComponent'.[0m [1m[35m[plugin angular-compiler][0m

    src/app/pages/non-admin-pages/user-profile/user-profile.html:7:42:
[37m      7 │ ...  <div class="photo-wrapper" (click)="[32monPhotoWrapperClick[37m($event)">
        ╵                                          [32m~~~~~~~~~~~~~~~~~~~[0m

  Error occurs in the template of component UserProfileComponent.

    src/app/pages/non-admin-pages/user-profile/user-profile.ts:12:15:
[37m      12 │   templateUrl: [32m'./user-profile.html'[37m,
         ╵                [32m~~~~~~~~~~~~~~~~~~~~~[0m


[31m✘ [41;31m[[41;97mERROR[41;31m][0m [1mNG9: Property 'photoChanged' does not exist on type 'UserProfileComponent'.[0m [1m[35m[plugin angular-compiler][0m

    src/app/pages/non-admin-pages/user-profile/user-profile.html:40:48:
[37m      40 │     <div class="actions" *ngIf="editAltPhone || [32mphotoChanged[37m">
         ╵                                                 [32m~~~~~~~~~~~~[0m

  Error occurs in the template of component UserProfileComponent.

    src/app/pages/non-admin-pages/user-profile/user-profile.ts:12:15:
[37m      12 │   templateUrl: [32m'./user-profile.html'[37m,
         ╵                [32m~~~~~~~~~~~~~~~~~~~~~[0m


[31m✘ [41;31m[[41;97mERROR[41;31m][0m [1mNG9: Property 'saveChanges' does not exist on type 'UserProfileComponent'.[0m [1m[35m[plugin angular-compiler][0m

    src/app/pages/non-admin-pages/user-profile/user-profile.html:41:56:
[37m      41 │ ...flat-button class="btn-save" (click)="[32msaveChanges[37m()">Save</button>
         ╵                                          [32m~~~~~~~~~~~[0m

  Error occurs in the template of component UserProfileComponent.

    src/app/pages/non-admin-pages/user-profile/user-profile.ts:12:15:
[37m      12 │   templateUrl: [32m'./user-profile.html'[37m,
         ╵                [32m~~~~~~~~~~~~~~~~~~~~~[0m


❯ Changes detected. Rebuilding...
✔ Changes detected. Rebuilding...
Browser bundles     
Initial chunk files  | Names                  |  Raw size
main.js              | main                   |  52.31 kB | 
styles.css           | styles                 |   8.03 kB | 
chunk-6BTHOFVS.js    | -                      |   4.08 kB | 
polyfills.js         | polyfills              |  95 bytes | 

                     | Initial total          |  64.51 kB

Lazy chunk files     | Names                  |  Raw size
chunk-OKSZG3CH.js    | non-admin-pages-module |  76.42 kB | 
chunk-VLUI37MW.js    | admin-pages-module     |  72.78 kB | 


Server bundles      
Initial chunk files  | Names                  |  Raw size
main.server.mjs      | main.server            |  53.52 kB | 
chunk-RZLJ6I6E.mjs   | -                      |   4.11 kB | 
server.mjs           | server                 |   1.79 kB | 
polyfills.server.mjs | polyfills.server       | 266 bytes | 

Lazy chunk files     | Names                  |  Raw size
chunk-TACE2G5J.mjs   | non-admin-pages-module |  76.46 kB | 
chunk-DZMCFC6X.mjs   | admin-pages-module     |  72.81 kB | 

Application bundle generation complete. [0.279 seconds]

[33m▲ [43;33m[[43;30mWARNING[43;33m][0m [1mDeprecation[0m [1m[35m[plugin angular-sass][0m

    src/styles.scss:2:8:
[37m      2 │ @import [32m[37m'./variables.scss';
        ╵         [32m^[0m


  Sass @import rules are deprecated and will be removed in Dart Sass 3.0.0.
  
  More info and automated migrator: [4mhttps://sass-lang.com/d/import[0m

  The plugin "angular-sass" was triggered by this import

    angular:styles/global:styles:2:8:
[37m      2 │ @import [32m'src/styles.scss'[37m;
        ╵         [32m~~~~~~~~~~~~~~~~~[0m


Page reload sent to client(s).
❯ Changes detected. Rebuilding...
✔ Changes detected. Rebuilding...
Browser bundles    
Initial chunk files | Names                  | Raw size
main.js             | main                   | 52.31 kB | 

Lazy chunk files    | Names                  | Raw size
chunk-VXOQA3B4.js   | non-admin-pages-module | 76.22 kB | 


Server bundles     
Initial chunk files | Names                  | Raw size
main.server.mjs     | main.server            | 53.52 kB | 

Lazy chunk files    | Names                  | Raw size
chunk-2MZ6VK4Y.mjs  | non-admin-pages-module | 76.26 kB | 

Application bundle generation complete. [0.471 seconds]

[33m▲ [43;33m[[43;30mWARNING[43;33m][0m [1mDeprecation[0m [1m[35m[plugin angular-sass][0m

    src/styles.scss:2:8:
[37m      2 │ @import [32m[37m'./variables.scss';
        ╵         [32m^[0m


  Sass @import rules are deprecated and will be removed in Dart Sass 3.0.0.
  
  More info and automated migrator: [4mhttps://sass-lang.com/d/import[0m

  The plugin "angular-sass" was triggered by this import

    angular:styles/global:styles:2:8:
[37m      2 │ @import [32m'src/styles.scss'[37m;
        ╵         [32m~~~~~~~~~~~~~~~~~[0m


Component update sent to client(s).
❯ Changes detected. Rebuilding...
✔ Changes detected. Rebuilding...
Browser bundles    
Initial chunk files | Names                  | Raw size
main.js             | main                   | 52.31 kB | 

Lazy chunk files    | Names                  | Raw size
chunk-PEPLJ3DE.js   | non-admin-pages-module | 76.40 kB | 


Server bundles     
Initial chunk files | Names                  | Raw size
main.server.mjs     | main.server            | 53.52 kB | 

Lazy chunk files    | Names                  | Raw size
chunk-MEWYI6A5.mjs  | non-admin-pages-module | 76.44 kB | 

Application bundle generation complete. [0.325 seconds]

[33m▲ [43;33m[[43;30mWARNING[43;33m][0m [1mDeprecation[0m [1m[35m[plugin angular-sass][0m

    src/styles.scss:2:8:
[37m      2 │ @import [32m[37m'./variables.scss';
        ╵         [32m^[0m


  Sass @import rules are deprecated and will be removed in Dart Sass 3.0.0.
  
  More info and automated migrator: [4mhttps://sass-lang.com/d/import[0m

  The plugin "angular-sass" was triggered by this import

    angular:styles/global:styles:2:8:
[37m      2 │ @import [32m'src/styles.scss'[37m;
        ╵         [32m~~~~~~~~~~~~~~~~~[0m


Component update sent to client(s).
❯ Changes detected. Rebuilding...
✔ Changes detected. Rebuilding...
Browser bundles    
Initial chunk files | Names                  | Raw size
main.js             | main                   | 52.31 kB | 

Lazy chunk files    | Names                  | Raw size
chunk-YFDR3QZS.js   | non-admin-pages-module | 76.51 kB | 


Server bundles     
Initial chunk files | Names                  | Raw size
main.server.mjs     | main.server            | 53.52 kB | 

Lazy chunk files    | Names                  | Raw size
chunk-PMWUY42K.mjs  | non-admin-pages-module | 76.54 kB | 

Application bundle generation complete. [0.394 seconds]

[33m▲ [43;33m[[43;30mWARNING[43;33m][0m [1mDeprecation[0m [1m[35m[plugin angular-sass][0m

    src/styles.scss:2:8:
[37m      2 │ @import [32m[37m'./variables.scss';
        ╵         [32m^[0m


  Sass @import rules are deprecated and will be removed in Dart Sass 3.0.0.
  
  More info and automated migrator: [4mhttps://sass-lang.com/d/import[0m

  The plugin "angular-sass" was triggered by this import

    angular:styles/global:styles:2:8:
[37m      2 │ @import [32m'src/styles.scss'[37m;
        ╵         [32m~~~~~~~~~~~~~~~~~[0m


Component update sent to client(s).
❯ Changes detected. Rebuilding...
✔ Changes detected. Rebuilding...
Browser bundles    
Initial chunk files | Names                  | Raw size
main.js             | main                   | 52.31 kB | 

Lazy chunk files    | Names                  | Raw size
chunk-ZXGO73U6.js   | non-admin-pages-module | 76.08 kB | 


Server bundles     
Initial chunk files | Names                  | Raw size
main.server.mjs     | main.server            | 53.52 kB | 

Lazy chunk files    | Names                  | Raw size
chunk-RWJY4WSC.mjs  | non-admin-pages-module | 76.12 kB | 

Application bundle generation complete. [0.310 seconds]

[33m▲ [43;33m[[43;30mWARNING[43;33m][0m [1mDeprecation[0m [1m[35m[plugin angular-sass][0m

    src/styles.scss:2:8:
[37m      2 │ @import [32m[37m'./variables.scss';
        ╵         [32m^[0m


  Sass @import rules are deprecated and will be removed in Dart Sass 3.0.0.
  
  More info and automated migrator: [4mhttps://sass-lang.com/d/import[0m

  The plugin "angular-sass" was triggered by this import

    angular:styles/global:styles:2:8:
[37m      2 │ @import [32m'src/styles.scss'[37m;
        ╵         [32m~~~~~~~~~~~~~~~~~[0m


Component update sent to client(s).
❯ Changes detected. Rebuilding...
✔ Changes detected. Rebuilding...
Browser bundles    
Initial chunk files | Names                  | Raw size
main.js             | main                   | 52.31 kB | 

Lazy chunk files    | Names                  | Raw size
chunk-WVZQF4NJ.js   | non-admin-pages-module | 76.03 kB | 


Server bundles     
Initial chunk files | Names                  | Raw size
main.server.mjs     | main.server            | 53.52 kB | 

Lazy chunk files    | Names                  | Raw size
chunk-YM4FGJJX.mjs  | non-admin-pages-module | 76.07 kB | 

Application bundle generation complete. [0.265 seconds]

[33m▲ [43;33m[[43;30mWARNING[43;33m][0m [1mDeprecation[0m [1m[35m[plugin angular-sass][0m

    src/styles.scss:2:8:
[37m      2 │ @import [32m[37m'./variables.scss';
        ╵         [32m^[0m


  Sass @import rules are deprecated and will be removed in Dart Sass 3.0.0.
  
  More info and automated migrator: [4mhttps://sass-lang.com/d/import[0m

  The plugin "angular-sass" was triggered by this import

    angular:styles/global:styles:2:8:
[37m      2 │ @import [32m'src/styles.scss'[37m;
        ╵         [32m~~~~~~~~~~~~~~~~~[0m


Component update sent to client(s).
❯ Changes detected. Rebuilding...
✔ Changes detected. Rebuilding...
Browser bundles    
Initial chunk files | Names                  | Raw size
main.js             | main                   | 52.31 kB | 

Lazy chunk files    | Names                  | Raw size
chunk-AKLAB6N3.js   | non-admin-pages-module | 77.28 kB | 


Server bundles     
Initial chunk files | Names                  | Raw size
main.server.mjs     | main.server            | 53.52 kB | 

Lazy chunk files    | Names                  | Raw size
chunk-5OEAD2UX.mjs  | non-admin-pages-module | 77.31 kB | 

Application bundle generation complete. [0.444 seconds]

[33m▲ [43;33m[[43;30mWARNING[43;33m][0m [1mDeprecation[0m [1m[35m[plugin angular-sass][0m

    src/styles.scss:2:8:
[37m      2 │ @import [32m[37m'./variables.scss';
        ╵         [32m^[0m


  Sass @import rules are deprecated and will be removed in Dart Sass 3.0.0.
  
  More info and automated migrator: [4mhttps://sass-lang.com/d/import[0m

  The plugin "angular-sass" was triggered by this import

    angular:styles/global:styles:2:8:
[37m      2 │ @import [32m'src/styles.scss'[37m;
        ╵         [32m~~~~~~~~~~~~~~~~~[0m


Component update sent to client(s).
❯ Changes detected. Rebuilding...
✔ Changes detected. Rebuilding...
Browser bundles    
Initial chunk files | Names                  | Raw size
main.js             | main                   | 52.31 kB | 

Lazy chunk files    | Names                  | Raw size
chunk-F6BOGW2M.js   | non-admin-pages-module | 77.62 kB | 


Server bundles     
Initial chunk files | Names                  | Raw size
main.server.mjs     | main.server            | 53.52 kB | 

Lazy chunk files    | Names                  | Raw size
chunk-TAN3HD6O.mjs  | non-admin-pages-module | 77.66 kB | 

Application bundle generation complete. [0.483 seconds]

[33m▲ [43;33m[[43;30mWARNING[43;33m][0m [1mDeprecation[0m [1m[35m[plugin angular-sass][0m

    src/styles.scss:2:8:
[37m      2 │ @import [32m[37m'./variables.scss';
        ╵         [32m^[0m


  Sass @import rules are deprecated and will be removed in Dart Sass 3.0.0.
  
  More info and automated migrator: [4mhttps://sass-lang.com/d/import[0m

  The plugin "angular-sass" was triggered by this import

    angular:styles/global:styles:2:8:
[37m      2 │ @import [32m'src/styles.scss'[37m;
        ╵         [32m~~~~~~~~~~~~~~~~~[0m


Component update sent to client(s).
❯ Changes detected. Rebuilding...
✔ Changes detected. Rebuilding...
Browser bundles    
Initial chunk files | Names                  | Raw size
main.js             | main                   | 52.31 kB | 

Lazy chunk files    | Names                  | Raw size
chunk-WPXWLZA3.js   | non-admin-pages-module | 77.62 kB | 


Server bundles     
Initial chunk files | Names                  | Raw size
main.server.mjs     | main.server            | 53.52 kB | 

Lazy chunk files    | Names                  | Raw size
chunk-7UHWCI3Q.mjs  | non-admin-pages-module | 77.66 kB | 

Application bundle generation complete. [0.473 seconds]

[33m▲ [43;33m[[43;30mWARNING[43;33m][0m [1mDeprecation[0m [1m[35m[plugin angular-sass][0m

    src/styles.scss:2:8:
[37m      2 │ @import [32m[37m'./variables.scss';
        ╵         [32m^[0m


  Sass @import rules are deprecated and will be removed in Dart Sass 3.0.0.
  
  More info and automated migrator: [4mhttps://sass-lang.com/d/import[0m

  The plugin "angular-sass" was triggered by this import

    angular:styles/global:styles:2:8:
[37m      2 │ @import [32m'src/styles.scss'[37m;
        ╵         [32m~~~~~~~~~~~~~~~~~[0m


Component update sent to client(s).
❯ Changes detected. Rebuilding...
✔ Changes detected. Rebuilding...
Browser bundles    
Initial chunk files | Names                  | Raw size
main.js             | main                   | 52.31 kB | 

Lazy chunk files    | Names                  | Raw size
chunk-ZEWNRZ5U.js   | non-admin-pages-module | 77.62 kB | 


Server bundles     
Initial chunk files | Names                  | Raw size
main.server.mjs     | main.server            | 53.52 kB | 

Lazy chunk files    | Names                  | Raw size
chunk-2YOQIYVI.mjs  | non-admin-pages-module | 77.66 kB | 

Application bundle generation complete. [0.293 seconds]

[33m▲ [43;33m[[43;30mWARNING[43;33m][0m [1mDeprecation[0m [1m[35m[plugin angular-sass][0m

    src/styles.scss:2:8:
[37m      2 │ @import [32m[37m'./variables.scss';
        ╵         [32m^[0m


  Sass @import rules are deprecated and will be removed in Dart Sass 3.0.0.
  
  More info and automated migrator: [4mhttps://sass-lang.com/d/import[0m

  The plugin "angular-sass" was triggered by this import

    angular:styles/global:styles:2:8:
[37m      2 │ @import [32m'src/styles.scss'[37m;
        ╵         [32m~~~~~~~~~~~~~~~~~[0m


Component update sent to client(s).
❯ Changes detected. Rebuilding...
✔ Changes detected. Rebuilding...
Browser bundles    
Initial chunk files | Names                  | Raw size
main.js             | main                   | 52.31 kB | 

Lazy chunk files    | Names                  | Raw size
chunk-VGBWQY36.js   | non-admin-pages-module | 77.62 kB | 


Server bundles     
Initial chunk files | Names                  | Raw size
main.server.mjs     | main.server            | 53.52 kB | 

Lazy chunk files    | Names                  | Raw size
chunk-EPMJPA5E.mjs  | non-admin-pages-module | 77.66 kB | 

Application bundle generation complete. [0.440 seconds]

[33m▲ [43;33m[[43;30mWARNING[43;33m][0m [1mDeprecation[0m [1m[35m[plugin angular-sass][0m

    src/styles.scss:2:8:
[37m      2 │ @import [32m[37m'./variables.scss';
        ╵         [32m^[0m


  Sass @import rules are deprecated and will be removed in Dart Sass 3.0.0.
  
  More info and automated migrator: [4mhttps://sass-lang.com/d/import[0m

  The plugin "angular-sass" was triggered by this import

    angular:styles/global:styles:2:8:
[37m      2 │ @import [32m'src/styles.scss'[37m;
        ╵         [32m~~~~~~~~~~~~~~~~~[0m


Component update sent to client(s).
❯ Changes detected. Rebuilding...
✔ Changes detected. Rebuilding...
Browser bundles    
Initial chunk files | Names                  | Raw size
main.js             | main                   | 52.31 kB | 

Lazy chunk files    | Names                  | Raw size
chunk-2STUQPRG.js   | non-admin-pages-module | 77.71 kB | 


Server bundles     
Initial chunk files | Names                  | Raw size
main.server.mjs     | main.server            | 53.52 kB | 

Lazy chunk files    | Names                  | Raw size
chunk-6PHV2RML.mjs  | non-admin-pages-module | 77.75 kB | 

Application bundle generation complete. [0.327 seconds]

[33m▲ [43;33m[[43;30mWARNING[43;33m][0m [1mDeprecation[0m [1m[35m[plugin angular-sass][0m

    src/styles.scss:2:8:
[37m      2 │ @import [32m[37m'./variables.scss';
        ╵         [32m^[0m


  Sass @import rules are deprecated and will be removed in Dart Sass 3.0.0.
  
  More info and automated migrator: [4mhttps://sass-lang.com/d/import[0m

  The plugin "angular-sass" was triggered by this import

    angular:styles/global:styles:2:8:
[37m      2 │ @import [32m'src/styles.scss'[37m;
        ╵         [32m~~~~~~~~~~~~~~~~~[0m


Component update sent to client(s).
❯ Changes detected. Rebuilding...
✔ Changes detected. Rebuilding...
Browser bundles    
Initial chunk files | Names                  | Raw size
main.js             | main                   | 52.31 kB | 

Lazy chunk files    | Names                  | Raw size
chunk-ABHPQTKT.js   | non-admin-pages-module | 77.71 kB | 


Server bundles     
Initial chunk files | Names                  | Raw size
main.server.mjs     | main.server            | 53.52 kB | 

Lazy chunk files    | Names                  | Raw size
chunk-UGYSR4DQ.mjs  | non-admin-pages-module | 77.75 kB | 

Application bundle generation complete. [0.467 seconds]

[33m▲ [43;33m[[43;30mWARNING[43;33m][0m [1mDeprecation[0m [1m[35m[plugin angular-sass][0m

    src/styles.scss:2:8:
[37m      2 │ @import [32m[37m'./variables.scss';
        ╵         [32m^[0m


  Sass @import rules are deprecated and will be removed in Dart Sass 3.0.0.
  
  More info and automated migrator: [4mhttps://sass-lang.com/d/import[0m

  The plugin "angular-sass" was triggered by this import

    angular:styles/global:styles:2:8:
[37m      2 │ @import [32m'src/styles.scss'[37m;
        ╵         [32m~~~~~~~~~~~~~~~~~[0m


Component update sent to client(s).
❯ Changes detected. Rebuilding...
✔ Changes detected. Rebuilding...
Browser bundles    
Initial chunk files | Names                  | Raw size
main.js             | main                   | 52.31 kB | 

Lazy chunk files    | Names                  | Raw size
chunk-APHQXKG4.js   | non-admin-pages-module | 77.71 kB | 


Server bundles     
Initial chunk files | Names                  | Raw size
main.server.mjs     | main.server            | 53.52 kB | 

Lazy chunk files    | Names                  | Raw size
chunk-ZQEMBJO6.mjs  | non-admin-pages-module | 77.75 kB | 

Application bundle generation complete. [0.297 seconds]

[33m▲ [43;33m[[43;30mWARNING[43;33m][0m [1mDeprecation[0m [1m[35m[plugin angular-sass][0m

    src/styles.scss:2:8:
[37m      2 │ @import [32m[37m'./variables.scss';
        ╵         [32m^[0m


  Sass @import rules are deprecated and will be removed in Dart Sass 3.0.0.
  
  More info and automated migrator: [4mhttps://sass-lang.com/d/import[0m

  The plugin "angular-sass" was triggered by this import

    angular:styles/global:styles:2:8:
[37m      2 │ @import [32m'src/styles.scss'[37m;
        ╵         [32m~~~~~~~~~~~~~~~~~[0m


Component update sent to client(s).
❯ Changes detected. Rebuilding...
✔ Changes detected. Rebuilding...
Browser bundles    
Initial chunk files | Names                  | Raw size
main.js             | main                   | 52.31 kB | 

Lazy chunk files    | Names                  | Raw size
chunk-SPY42MP7.js   | non-admin-pages-module | 77.92 kB | 


Server bundles     
Initial chunk files | Names                  | Raw size
main.server.mjs     | main.server            | 53.52 kB | 

Lazy chunk files    | Names                  | Raw size
chunk-QA6BPUOG.mjs  | non-admin-pages-module | 77.95 kB | 

Application bundle generation complete. [0.422 seconds]

[33m▲ [43;33m[[43;30mWARNING[43;33m][0m [1mDeprecation[0m [1m[35m[plugin angular-sass][0m

    src/styles.scss:2:8:
[37m      2 │ @import [32m[37m'./variables.scss';
        ╵         [32m^[0m


  Sass @import rules are deprecated and will be removed in Dart Sass 3.0.0.
  
  More info and automated migrator: [4mhttps://sass-lang.com/d/import[0m

  The plugin "angular-sass" was triggered by this import

    angular:styles/global:styles:2:8:
[37m      2 │ @import [32m'src/styles.scss'[37m;
        ╵         [32m~~~~~~~~~~~~~~~~~[0m


Component update sent to client(s).
❯ Changes detected. Rebuilding...
✔ Changes detected. Rebuilding...
Browser bundles    
Initial chunk files | Names                  | Raw size
main.js             | main                   | 52.31 kB | 

Lazy chunk files    | Names                  | Raw size
chunk-VY6SVY5U.js   | non-admin-pages-module | 78.38 kB | 


Server bundles     
Initial chunk files | Names                  | Raw size
main.server.mjs     | main.server            | 53.52 kB | 

Lazy chunk files    | Names                  | Raw size
chunk-75XNXXCZ.mjs  | non-admin-pages-module | 78.42 kB | 

Application bundle generation complete. [0.432 seconds]

[33m▲ [43;33m[[43;30mWARNING[43;33m][0m [1mDeprecation[0m [1m[35m[plugin angular-sass][0m

    src/styles.scss:2:8:
[37m      2 │ @import [32m[37m'./variables.scss';
        ╵         [32m^[0m


  Sass @import rules are deprecated and will be removed in Dart Sass 3.0.0.
  
  More info and automated migrator: [4mhttps://sass-lang.com/d/import[0m

  The plugin "angular-sass" was triggered by this import

    angular:styles/global:styles:2:8:
[37m      2 │ @import [32m'src/styles.scss'[37m;
        ╵         [32m~~~~~~~~~~~~~~~~~[0m


Component update sent to client(s).
❯ Changes detected. Rebuilding...
✔ Changes detected. Rebuilding...
Browser bundles    
Initial chunk files | Names                  | Raw size
main.js             | main                   | 52.31 kB | 

Lazy chunk files    | Names                  | Raw size
chunk-3J2TS57V.js   | non-admin-pages-module | 78.53 kB | 


Server bundles     
Initial chunk files | Names                  | Raw size
main.server.mjs     | main.server            | 53.52 kB | 

Lazy chunk files    | Names                  | Raw size
chunk-SKPDW4KM.mjs  | non-admin-pages-module | 78.56 kB | 

Application bundle generation complete. [0.277 seconds]

[33m▲ [43;33m[[43;30mWARNING[43;33m][0m [1mDeprecation[0m [1m[35m[plugin angular-sass][0m

    src/styles.scss:2:8:
[37m      2 │ @import [32m[37m'./variables.scss';
        ╵         [32m^[0m


  Sass @import rules are deprecated and will be removed in Dart Sass 3.0.0.
  
  More info and automated migrator: [4mhttps://sass-lang.com/d/import[0m

  The plugin "angular-sass" was triggered by this import

    angular:styles/global:styles:2:8:
[37m      2 │ @import [32m'src/styles.scss'[37m;
        ╵         [32m~~~~~~~~~~~~~~~~~[0m


Component update sent to client(s).
❯ Changes detected. Rebuilding...
✔ Changes detected. Rebuilding...
Browser bundles    
Initial chunk files | Names                  | Raw size
main.js             | main                   | 52.31 kB | 

Lazy chunk files    | Names                  | Raw size
chunk-WSGOGEWP.js   | non-admin-pages-module | 78.65 kB | 


Server bundles     
Initial chunk files | Names                  | Raw size
main.server.mjs     | main.server            | 53.52 kB | 

Lazy chunk files    | Names                  | Raw size
chunk-V264Z4IX.mjs  | non-admin-pages-module | 78.69 kB | 

Application bundle generation complete. [0.513 seconds]

[33m▲ [43;33m[[43;30mWARNING[43;33m][0m [1mDeprecation[0m [1m[35m[plugin angular-sass][0m

    src/styles.scss:2:8:
[37m      2 │ @import [32m[37m'./variables.scss';
        ╵         [32m^[0m


  Sass @import rules are deprecated and will be removed in Dart Sass 3.0.0.
  
  More info and automated migrator: [4mhttps://sass-lang.com/d/import[0m

  The plugin "angular-sass" was triggered by this import

    angular:styles/global:styles:2:8:
[37m      2 │ @import [32m'src/styles.scss'[37m;
        ╵         [32m~~~~~~~~~~~~~~~~~[0m


Component update sent to client(s).
❯ Changes detected. Rebuilding...
✔ Changes detected. Rebuilding...
Browser bundles    
Initial chunk files | Names                  | Raw size
main.js             | main                   | 52.31 kB | 

Lazy chunk files    | Names                  | Raw size
chunk-JH7OC3ZE.js   | non-admin-pages-module | 78.46 kB | 


Server bundles     
Initial chunk files | Names                  | Raw size
main.server.mjs     | main.server            | 53.52 kB | 

Lazy chunk files    | Names                  | Raw size
chunk-5K33B2PO.mjs  | non-admin-pages-module | 78.50 kB | 

Application bundle generation complete. [0.295 seconds]

[33m▲ [43;33m[[43;30mWARNING[43;33m][0m [1mDeprecation[0m [1m[35m[plugin angular-sass][0m

    src/styles.scss:2:8:
[37m      2 │ @import [32m[37m'./variables.scss';
        ╵         [32m^[0m


  Sass @import rules are deprecated and will be removed in Dart Sass 3.0.0.
  
  More info and automated migrator: [4mhttps://sass-lang.com/d/import[0m

  The plugin "angular-sass" was triggered by this import

    angular:styles/global:styles:2:8:
[37m      2 │ @import [32m'src/styles.scss'[37m;
        ╵         [32m~~~~~~~~~~~~~~~~~[0m


Component update sent to client(s).

Warning: This is a simple server for use in testing or debugging Angular applications
locally. It hasn't been reviewed for security issues.

Binding this server to an open connection can result in compromising your application or
computer. Using a different host than the one passed to the "--host" flag might result in
websocket connection issues.
    
❯ Building...
✔ Building...
Browser bundles     
Initial chunk files  | Names                  |  Raw size
main.js              | main                   |  52.31 kB | 
styles.css           | styles                 |   8.03 kB | 
chunk-6BTHOFVS.js    | -                      |   4.08 kB | 
polyfills.js         | polyfills              |  95 bytes | 

                     | Initial total          |  64.51 kB

Lazy chunk files     | Names                  |  Raw size
chunk-JH7OC3ZE.js    | non-admin-pages-module |  78.46 kB | 
chunk-VLUI37MW.js    | admin-pages-module     |  72.78 kB | 


Server bundles      
Initial chunk files  | Names                  |  Raw size
main.server.mjs      | main.server            |  53.52 kB | 
chunk-RZLJ6I6E.mjs   | -                      |   4.11 kB | 
server.mjs           | server                 |   1.79 kB | 
polyfills.server.mjs | polyfills.server       | 266 bytes | 

Lazy chunk files     | Names                  |  Raw size
chunk-5K33B2PO.mjs   | non-admin-pages-module |  78.50 kB | 
chunk-DZMCFC6X.mjs   | admin-pages-module     |  72.81 kB | 

Application bundle generation complete. [5.155 seconds]

[33m▲ [43;33m[[43;30mWARNING[43;33m][0m [1mDeprecation[0m [1m[35m[plugin angular-sass][0m

    src/styles.scss:2:8:
[37m      2 │ @import [32m[37m'./variables.scss';
        ╵         [32m^[0m


  Sass @import rules are deprecated and will be removed in Dart Sass 3.0.0.
  
  More info and automated migrator: [4mhttps://sass-lang.com/d/import[0m

  The plugin "angular-sass" was triggered by this import

    angular:styles/global:styles:2:8:
[37m      2 │ @import [32m'src/styles.scss'[37m;
        ╵         [32m~~~~~~~~~~~~~~~~~[0m


Watch mode enabled. Watching for file changes...
NOTE: Raw file sizes do not reflect development server per-request transformations.
  ➜  Local:   http://localhost:4200/
  ➜  Network: http://172.31.8.63:4200/

Warning: This is a simple server for use in testing or debugging Angular applications
locally. It hasn't been reviewed for security issues.

Binding this server to an open connection can result in compromising your application or
computer. Using a different host than the one passed to the "--host" flag might result in
websocket connection issues.
    
❯ Building...
✔ Building...
Browser bundles     
Initial chunk files  | Names                  |  Raw size
main.js              | main                   |  52.31 kB | 
styles.css           | styles                 |   8.03 kB | 
chunk-XX4KW5OA.js    | -                      |   4.08 kB | 
polyfills.js         | polyfills              |  95 bytes | 

                     | Initial total          |  64.52 kB

Lazy chunk files     | Names                  |  Raw size
chunk-GBK5YDEW.js    | non-admin-pages-module |  78.46 kB | 
chunk-NSGJ6IMO.js    | admin-pages-module     |  72.78 kB | 


Server bundles      
Initial chunk files  | Names                  |  Raw size
main.server.mjs      | main.server            |  53.52 kB | 
chunk-LNUHYDVS.mjs   | -                      |   4.11 kB | 
server.mjs           | server                 |   1.79 kB | 
polyfills.server.mjs | polyfills.server       | 266 bytes | 

Lazy chunk files     | Names                  |  Raw size
chunk-35TWNODL.mjs   | non-admin-pages-module |  78.50 kB | 
chunk-ASN7UDH5.mjs   | admin-pages-module     |  72.81 kB | 

Application bundle generation complete. [4.934 seconds]

[33m▲ [43;33m[[43;30mWARNING[43;33m][0m [1mDeprecation[0m [1m[35m[plugin angular-sass][0m

    src/styles.scss:2:8:
[37m      2 │ @import [32m[37m'./variables.scss';
        ╵         [32m^[0m


  Sass @import rules are deprecated and will be removed in Dart Sass 3.0.0.
  
  More info and automated migrator: [4mhttps://sass-lang.com/d/import[0m

  The plugin "angular-sass" was triggered by this import

    angular:styles/global:styles:2:8:
[37m      2 │ @import [32m'src/styles.scss'[37m;
        ╵         [32m~~~~~~~~~~~~~~~~~[0m


Watch mode enabled. Watching for file changes...
NOTE: Raw file sizes do not reflect development server per-request transformations.
  ➜  Local:   http://localhost:4200/
  ➜  Network: http://172.31.8.63:4200/

Warning: This is a simple server for use in testing or debugging Angular applications
locally. It hasn't been reviewed for security issues.

Binding this server to an open connection can result in compromising your application or
computer. Using a different host than the one passed to the "--host" flag might result in
websocket connection issues.
    
❯ Building...
✔ Building...
Browser bundles     
Initial chunk files  | Names                  |  Raw size
main.js              | main                   |  52.31 kB | 
styles.css           | styles                 |   8.03 kB | 
chunk-XZP47IZF.js    | -                      |   4.08 kB | 
polyfills.js         | polyfills              |  95 bytes | 

                     | Initial total          |  64.52 kB

Lazy chunk files     | Names                  |  Raw size
chunk-DZJ3NXGL.js    | non-admin-pages-module |  78.46 kB | 
chunk-QIYQJAWB.js    | admin-pages-module     |  72.78 kB | 


Server bundles      
Initial chunk files  | Names                  |  Raw size
main.server.mjs      | main.server            |  53.52 kB | 
chunk-OYNQ3JLW.mjs   | -                      |   4.12 kB | 
server.mjs           | server                 |   1.79 kB | 
polyfills.server.mjs | polyfills.server       | 266 bytes | 

Lazy chunk files     | Names                  |  Raw size
chunk-MMKIA6FV.mjs   | non-admin-pages-module |  78.50 kB | 
chunk-UAQIQMO6.mjs   | admin-pages-module     |  72.81 kB | 

Application bundle generation complete. [5.088 seconds]

[33m▲ [43;33m[[43;30mWARNING[43;33m][0m [1mDeprecation[0m [1m[35m[plugin angular-sass][0m

    src/styles.scss:2:8:
[37m      2 │ @import [32m[37m'./variables.scss';
        ╵         [32m^[0m


  Sass @import rules are deprecated and will be removed in Dart Sass 3.0.0.
  
  More info and automated migrator: [4mhttps://sass-lang.com/d/import[0m

  The plugin "angular-sass" was triggered by this import

    angular:styles/global:styles:2:8:
[37m      2 │ @import [32m'src/styles.scss'[37m;
        ╵         [32m~~~~~~~~~~~~~~~~~[0m


Watch mode enabled. Watching for file changes...
NOTE: Raw file sizes do not reflect development server per-request transformations.
  ➜  Local:   http://localhost:4200/
  ➜  Network: http://172.31.8.63:4200/
